[www.repixs.com/index.html]
[static.parastorage.com/unpkg/@formatjs/intl-segmenter@11.7.10/polyfill.iife.js]
[static.parastorage.com/unpkg/core-js-bundle@3.2.1/minified.js]
[static.parastorage.com/unpkg/focus-within-polyfill@5.0.9/dist/focus-within-polyfill.js]
[www.repixs.com/C,location.href]
[www.repixs.com/t]
[www.repixs.com/o]
[backblue.gif]
[fade.gif]
[index.html]
[www.repixs.com/blog-feed.xml]
[static.wixstatic.com/media/54ade2_d46fa364ae5b4aa1a3e734927b8c39c2_mv2.png/v1/crop/x_0,y_578,w_1920,h_2,q_85,blur_1,enc_auto/54ade2_d46fa364ae5b4aa1a3e734927b8c39c2_mv2.png]
[static.wixstatic.com/media/54ade2_ae033b3396e7419fa5046acabfdde841_mv2.png/v1/fill/w_70,h_100,al_c,q_85,usm_0.66_1.00_0.01,enc_avif,quality_auto/54ade2_ae033b3396e7419fa5046acabfdde841_mv2.png]
[www.repixs.com/our-services.html]
[www.repixs.com/portfolio.html]
[www.repixs.com/residential.html]
[www.repixs.com/commercial.html]
[www.repixs.com/3d-tours.html]
[www.repixs.com/videos.html]
[www.repixs.com/about-us.html]
[www.repixs.com/team.html]
[www.repixs.com/pricing-and-booking.html]
[www.repixs.com/contact.html]
[www.repixs.com/blog.html]
[www.repixs.com/booknow.html]
[static.wixstatic.com/media/3a7434_4b892a120c8149ae88ce4a16e772a636f000.jpg/v1/fill/w_147,h_83,al_c,q_80,usm_0.66_1.00_0.01,blur_2,enc_avif,quality_auto/3a7434_4b892a120c8149ae88ce4a16e772a636f000.jpg]
[static.wixstatic.com/media/54ade2_fb88a04865554e5191d86c9a216d8623_mv2.png/v1/fill/w_49,h_5,al_c,q_85,usm_0.66_1.00_0.01,blur_2,enc_avif,quality_auto/54ade2_fb88a04865554e5191d86c9a216d8623_mv2.png]
[static.wixstatic.com/media/3a7434_262de7a452d64588a804dac7e7fd8e3c_mv2.jpg/v1/crop/x_1162,y_0,w_1943,h_2664/fill/w_321,h_440,al_c,q_80,usm_0.66_1.00_0.01,enc_avif,quality_auto/14625 SW 152 Ave-1.jpg]
[static.wixstatic.com/media/54ade2_ee4d0b18a4594e118179df17819c8e6a_mv2.jpg/v1/crop/x_910,y_0,w_1463,h_2006/fill/w_238,h_326,al_c,q_80,usm_0.66_1.00_0.01,enc_avif,quality_auto/Mitch-3-6.jpg]
[static.wixstatic.com/media/54ade2_fd20030d3d5f45b9bc62d8dd499ad19d_mv2.png/v1/fill/w_37,h_37,al_c,q_85,usm_0.66_1.00_0.01,enc_avif,quality_auto/insurance (1).png]
[static.wixstatic.com/media/54ade2_d03641944f374a588d7f4a1cedd811a4_mv2.png/v1/crop/x_0,y_0,w_2276,h_2256/fill/w_37,h_37,al_c,q_85,usm_0.66_1.00_0.01,enc_avif,quality_auto/zillow (1).png]
[static.wixstatic.com/media/54ade2_10cf769aef6547d0aec1c33d2a763a3d_mv2.png/v1/fill/w_37,h_37,al_c,q_85,usm_0.66_1.00_0.01,enc_avif,quality_auto/eye.png]
[static.wixstatic.com/media/54ade2_66fa76d451724c059f407f1240df69dc_mv2.png/v1/fill/w_37,h_37,al_c,q_85,usm_0.66_1.00_0.01,enc_avif,quality_auto/real-estate.png]
[static.wixstatic.com/media/3a7434_88924a09af7f430389597ee73fde57f5_mv2.jpg/v1/fill/w_379,h_338,al_c,q_80,usm_0.66_1.00_0.01,enc_avif,quality_auto/129 W 23rd St - PRINT-14_JPG.jpg]
[static.wixstatic.com/media/3a7434_133e499f610646a2ac939a13246b394b_mv2.jpg/v1/crop/x_710,y_0,w_3738,h_3333/fill/w_379,h_338,al_c,q_80,usm_0.66_1.00_0.01,enc_av/3691 SE Atherton Ave Twilights - PRINT-1.1]
[static.wixstatic.com/media/3a7434_3eba72a8fee74949bb3e0fd7e8fdb1cf_mv2.jpg/v1/fill/w_379,h_338,al_c,q_80,usm_0.66_1.00_0.01,enc_avif,quality_auto/Copy of 780 NW Valley St DRONE - PRINT-5_JPG.jpg]
[static.wixstatic.com/media/3a7434_965d2ca6eeef4d62b2a247ef3cb738bf_mv2.jpg/v1/fill/w_379,h_338,al_c,q_80,usm_0.66_1.00_0.01,enc_avif,quality_auto/11447 SW Colmar Ln Twilights - PRINT-17.jpg]
[static.wixstatic.com/media/3a7434_e4bff81d1eb243bfa520a2dfd49f4a31_mv2.jpg/v1/fill/w_147,h_74,al_c,q_80,usm_0.66_1.00_0.01,blur_2,enc_avif,quality_auto/3a7434_e4bff81d1eb243bfa520a2dfd49f4a31_mv2.jpg]
[static.wixstatic.com/media/54ade2_9843f530b5884899a666c22395641fd8_mv2.png/v1/fill/w_49,h_5,al_c,q_85,usm_0.66_1.00_0.01,blur_2,enc_avif,quality_auto/54ade2_9843f530b5884899a666c22395641fd8_mv2.png]
[static.wixstatic.com/media/54ade2_b741dadc8ca3433a9cfffa8605826304_mv2.png/v1/fill/w_45,h_45,al_c,q_85,usm_0.66_1.00_0.01,enc_avif,quality_auto/time (1).png]
[static.wixstatic.com/media/54ade2_2b9ebf7b38d74a25956a6a11f16b9f71_mv2.png/v1/fill/w_45,h_45,al_c,q_85,usm_0.66_1.00_0.01,enc_avif,quality_auto/house-for-sale.png]
[static.wixstatic.com/media/54ade2_9f88d57c147c4fa9949c5664790e8609_mv2.png/v1/fill/w_45,h_45,al_c,q_85,usm_0.66_1.00_0.01,enc_avif,quality_auto/event.png]
[static.wixstatic.com/media/54ade2_2e3c87eda59343ed8c3a39ecad117f22_mv2.png/v1/fill/w_45,h_45,al_c,q_85,usm_0.66_1.00_0.01,enc_avif,quality_auto/log.png]
[static.wixstatic.com/media/3a7434_e3ec07899ed24aa9bdf2d7d8714e5333_mv2.jpg/v1/fill/w_110,h_73,al_c,q_80,usm_0.66_1.00_0.01,blur_2,enc_avif,quality_auto/3a7434_e3ec07899ed24aa9bdf2d7d8714e5333_mv2.jpg]
[www.repixs.com/media/emptystate.85a4add5.28.delayed]
[static.wixstatic.com/media/54ade2_18a53863f9bc45dd8816d6067cf0754b_mv2.png/v1/fit/w_480,h_271,q_90,enc_avif,quality_auto/54ade2_18a53863f9bc45dd8816d6067cf0754b_mv2.png]
[static.wixstatic.com/media/54ade2_745b3366693441119fae3aad662b2b33_mv2.png/v1/fit/w_480,h_271,q_90,enc_avif,quality_auto/54ade2_745b3366693441119fae3aad662b2b33_mv2.png]
[static.wixstatic.com/media/54ade2_9da406524eed45d391a0db6698fa9197_mv2.png/v1/fit/w_480,h_271,q_90,enc_avif,quality_auto/54ade2_9da406524eed45d391a0db6698fa9197_mv2.png]
[static.wixstatic.com/media/54ade2_b610a3229445422ea7a8d2138c2eeb48_mv2.png/v1/fit/w_480,h_271,q_90,enc_avif,quality_auto/54ade2_b610a3229445422ea7a8d2138c2eeb48_mv2.png]
[static.wixstatic.com/media/54ade2_28e34914d7194e9fa4ee536520c3f3f6_mv2.png/v1/fit/w_480,h_271,q_90,enc_avif,quality_auto/54ade2_28e34914d7194e9fa4ee536520c3f3f6_mv2.png]
[static.wixstatic.com/media/54ade2_aaa457f13088465da4d8525b225b530e_mv2.png/v1/fit/w_480,h_271,q_90,enc_avif,quality_auto/54ade2_aaa457f13088465da4d8525b225b530e_mv2.png]
[static.wixstatic.com/media/54ade2_f0152adf1b9a421ca876bc9cc09553b1_mv2.png/v1/fit/w_480,h_271,q_90,enc_avif,quality_auto/54ade2_f0152adf1b9a421ca876bc9cc09553b1_mv2.png]
[static.wixstatic.com/media/54ade2_1e5395066b3a4037b4c1584e5fcdc2a2_mv2.png/v1/fit/w_480,h_271,q_90,enc_avif,quality_auto/54ade2_1e5395066b3a4037b4c1584e5fcdc2a2_mv2.png]
[static.wixstatic.com/media/54ade2_3bdfa4ea54914c469e71f47d53f29801_mv2.png/v1/fit/w_480,h_271,q_90,enc_avif,quality_auto/54ade2_3bdfa4ea54914c469e71f47d53f29801_mv2.png]
[static.wixstatic.com/media/54ade2_87b77f4bdc444978bb27c2a48f576892_mv2.png/v1/fit/w_480,h_271,q_90,enc_avif,quality_auto/54ade2_87b77f4bdc444978bb27c2a48f576892_mv2.png]
[static.wixstatic.com/media/54ade2_73f119725966400584b050c95164c5f7_mv2.png/v1/fit/w_480,h_271,q_90,enc_avif,quality_auto/54ade2_73f119725966400584b050c95164c5f7_mv2.png]
[static.wixstatic.com/media/54ade2_019aaf256cce4360bded8eaf9fad7681_mv2.png/v1/fit/w_480,h_271,q_90,enc_avif,quality_auto/54ade2_019aaf256cce4360bded8eaf9fad7681_mv2.png]
[static.wixstatic.com/media/54ade2_43c8f436101149498019293ab450c55b_mv2.png/v1/fit/w_480,h_271,q_90,enc_avif,quality_auto/54ade2_43c8f436101149498019293ab450c55b_mv2.png]
[static.wixstatic.com/media/54ade2_a29f1d3d73c343e99928b5a73738ef1e_mv2.png/v1/fit/w_480,h_271,q_90,enc_avif,quality_auto/54ade2_a29f1d3d73c343e99928b5a73738ef1e_mv2.png]
[static.wixstatic.com/media/54ade2_2a621384440c4afe802c46160f3f9bb4_mv2.png/v1/fit/w_480,h_271,q_90,enc_avif,quality_auto/54ade2_2a621384440c4afe802c46160f3f9bb4_mv2.png]
[static.wixstatic.com/media/54ade2_4826e6a93bde46ffa6816376633725c4_mv2.png/v1/fit/w_480,h_271,q_90,enc_avif,quality_auto/54ade2_4826e6a93bde46ffa6816376633725c4_mv2.png]
[static.wixstatic.com/media/54ade2_7df258fe9da8416bad8b2295986ffb3a_mv2.png/v1/fit/w_480,h_271,q_90,enc_avif,quality_auto/54ade2_7df258fe9da8416bad8b2295986ffb3a_mv2.png]
[static.wixstatic.com/media/54ade2_d42669646e6f40dcb14542ad0a898398_mv2.png/v1/fill/w_50,h_50,al_c,q_85,usm_0.66_1.00_0.01,enc_avif,quality_auto/online-booking.png]
[static.wixstatic.com/media/54ade2_9ed8acf60dc646f8a73a32af5d649ab6_mv2.png/v1/fill/w_50,h_50,al_c,q_85,usm_0.66_1.00_0.01,enc_avif,quality_auto/video-camera (1).png]
[static.wixstatic.com/media/54ade2_60a3dc91a53b41788335d9bfc52438ff_mv2.png/v1/fill/w_50,h_50,al_c,q_85,usm_0.66_1.00_0.01,enc_avif,quality_auto/share.png]
[static.wixstatic.com/media/3a7434_2935dae661fd4ec3839f9db8b07f127c_mv2.jpg/v1/fill/w_119,h_79,al_c,q_80,usm_0.66_1.00_0.01,blur_2,enc_avif,quality_auto/3a7434_2935dae661fd4ec3839f9db8b07f127c_mv2.jpg]
[static.wixstatic.com/media/54ade2_728061188de14b80afbcd93eb125ab07_mv2.jpg/v1/fit/w_480,h_271,q_90,enc_avif,quality_auto/54ade2_728061188de14b80afbcd93eb125ab07_mv2.jpg]
[static.wixstatic.com/media/54ade2_8f84cee9f0744e02a9d4a6c988294478_mv2.png/v1/crop/x_955,y_305,w_1380,h_1701/fill/w_295,h_364,al_c,q_85,usm_0.66_1.00_0.01,enc_av/54ade2_8f84cee9f0744e02a9d4a6c988294478_]
[static.wixstatic.com/media/54ade2_21176bdeba3d4ba28af5621a01bea20f_mv2.jpg/v1/fit/w_480,h_271,q_90,enc_avif,quality_auto/54ade2_21176bdeba3d4ba28af5621a01bea20f_mv2.jpg]
[static.wixstatic.com/media/54ade2_923f6ec615f94611ad154cd1281e5234_mv2.jpg/v1/fit/w_480,h_271,q_90,enc_avif,quality_auto/54ade2_923f6ec615f94611ad154cd1281e5234_mv2.jpg]
[static.wixstatic.com/media/54ade2_fb72cec98a324f0588c014352a31df99_mv2.jpg/v1/fit/w_480,h_271,q_90,enc_avif,quality_auto/54ade2_fb72cec98a324f0588c014352a31df99_mv2.jpg]
[static.wixstatic.com/media/54ade2_db3b0f648cc3486086c6b3342dd28800_mv2.jpg/v1/fit/w_480,h_271,q_90,enc_avif,quality_auto/54ade2_db3b0f648cc3486086c6b3342dd28800_mv2.jpg]
[static.wixstatic.com/media/54ade2_5848c00813034f2f923d760ff320570c_mv2.jpg/v1/fit/w_480,h_271,q_90,enc_avif,quality_auto/54ade2_5848c00813034f2f923d760ff320570c_mv2.jpg]
[static.wixstatic.com/media/54ade2_fd76439abc38487c8861cc54834ae3ca_mv2.jpg/v1/fit/w_480,h_271,q_90,enc_avif,quality_auto/54ade2_fd76439abc38487c8861cc54834ae3ca_mv2.jpg]
[static.wixstatic.com/media/54ade2_54013ee9518b4510b9632aa3153b7cb7_mv2.jpg/v1/fit/w_480,h_271,q_90,enc_avif,quality_auto/54ade2_54013ee9518b4510b9632aa3153b7cb7_mv2.jpg]
[static.wixstatic.com/media/54ade2_45da02d979414215a516a757fdcc0eff_mv2.jpg/v1/fit/w_480,h_271,q_90,enc_avif,quality_auto/54ade2_45da02d979414215a516a757fdcc0eff_mv2.jpg]
[static.wixstatic.com/media/54ade2_55199e3d7664416a84e92ff267f46885_mv2.jpg/v1/fit/w_480,h_271,q_90,enc_avif,quality_auto/54ade2_55199e3d7664416a84e92ff267f46885_mv2.jpg]
[static.wixstatic.com/media/54ade2_40a210b1e40448c79aceaf2ce28ba63c_mv2.jpg/v1/fit/w_480,h_271,q_90,enc_avif,quality_auto/54ade2_40a210b1e40448c79aceaf2ce28ba63c_mv2.jpg]
[static.wixstatic.com/media/54ade2_67ff75f45e9145f8b8517f0ff4d42a85_mv2.jpg/v1/fit/w_480,h_271,q_90,enc_avif,quality_auto/54ade2_67ff75f45e9145f8b8517f0ff4d42a85_mv2.jpg]
[static.wixstatic.com/media/54ade2_1983b07de8584b54868dad96577aec5b_mv2.jpg/v1/fit/w_480,h_271,q_90,enc_avif,quality_auto/54ade2_1983b07de8584b54868dad96577aec5b_mv2.jpg]
[static.wixstatic.com/media/54ade2_2eb6ede1060f4b1e8953fa2b5d08db42_mv2.jpg/v1/fit/w_480,h_271,q_90,enc_avif,quality_auto/54ade2_2eb6ede1060f4b1e8953fa2b5d08db42_mv2.jpg]
[static.wixstatic.com/media/54ade2_f9857ada966346c98e2fcd0d18825194_mv2.jpg/v1/fit/w_480,h_271,q_90,enc_avif,quality_auto/54ade2_f9857ada966346c98e2fcd0d18825194_mv2.jpg]
[static.wixstatic.com/media/54ade2_3a6a6e5625e24f0a8d65a260cac4ff91_mv2.jpg/v1/fit/w_480,h_271,q_90,enc_avif,quality_auto/54ade2_3a6a6e5625e24f0a8d65a260cac4ff91_mv2.jpg]
[static.wixstatic.com/media/54ade2_6b5852a9c5d447218ba32b2d04d81e11_mv2.jpg/v1/fit/w_480,h_271,q_90,enc_avif,quality_auto/54ade2_6b5852a9c5d447218ba32b2d04d81e11_mv2.jpg]
[static.wixstatic.com/media/54ade2_f7ee03883a504654bb456c07e1b96ea7_mv2.jpg/v1/fit/w_480,h_271,q_90,enc_avif,quality_auto/54ade2_f7ee03883a504654bb456c07e1b96ea7_mv2.jpg]
[static.wixstatic.com/media/54ade2_6540510d2fec4fadaac7f38ff968bd67_mv2.jpg/v1/fit/w_480,h_271,q_90,enc_avif,quality_auto/54ade2_6540510d2fec4fadaac7f38ff968bd67_mv2.jpg]
[static.wixstatic.com/media/54ade2_0bac72746896466aa48e02f2357c5a1b_mv2.jpg/v1/fit/w_480,h_271,q_90,enc_avif,quality_auto/54ade2_0bac72746896466aa48e02f2357c5a1b_mv2.jpg]
[static.wixstatic.com/media/54ade2_67fa0ccef2ea4ee497eed4a1e7caeee8_mv2.jpg/v1/fit/w_480,h_271,q_90,enc_avif,quality_auto/54ade2_67fa0ccef2ea4ee497eed4a1e7caeee8_mv2.jpg]
[static.wixstatic.com/media/54ade2_c94a4cfeca084ccd8712068803c12bc4_mv2.jpg/v1/fit/w_480,h_271,q_90,enc_avif,quality_auto/54ade2_c94a4cfeca084ccd8712068803c12bc4_mv2.jpg]
[static.wixstatic.com/media/54ade2_c5a1e4ebe79a4832a3fa9d382f1b6f5c_mv2.jpg/v1/fit/w_480,h_271,q_90,enc_avif,quality_auto/54ade2_c5a1e4ebe79a4832a3fa9d382f1b6f5c_mv2.jpg]
[static.wixstatic.com/media/54ade2_3db3fabad49f470fae8b0d103b17d095_mv2.jpg/v1/fit/w_480,h_271,q_90,enc_avif,quality_auto/54ade2_3db3fabad49f470fae8b0d103b17d095_mv2.jpg]
[static.wixstatic.com/media/54ade2_aafe757106fe46e38fb91806f2bbdbe2_mv2.jpg/v1/fit/w_480,h_271,q_90,enc_avif,quality_auto/54ade2_aafe757106fe46e38fb91806f2bbdbe2_mv2.jpg]
[static.wixstatic.com/media/54ade2_67077c64ea7940dfab5cec55453aecb8_mv2.jpg/v1/fit/w_480,h_271,q_90,enc_avif,quality_auto/54ade2_67077c64ea7940dfab5cec55453aecb8_mv2.jpg]
[static.wixstatic.com/media/54ade2_c53b29cb4ce3451e8bfefffc67142cc7_mv2.jpg/v1/fit/w_480,h_271,q_90,enc_avif,quality_auto/54ade2_c53b29cb4ce3451e8bfefffc67142cc7_mv2.jpg]
[static.wixstatic.com/media/54ade2_e2ede69f599f4bee9ea1f56c09254090_mv2.jpg/v1/fit/w_480,h_271,q_90,enc_avif,quality_auto/54ade2_e2ede69f599f4bee9ea1f56c09254090_mv2.jpg]
[static.wixstatic.com/media/54ade2_c3ba70a062fd4ef0b8afbd8dfa6d7875_mv2.jpg/v1/fit/w_480,h_271,q_90,enc_avif,quality_auto/54ade2_c3ba70a062fd4ef0b8afbd8dfa6d7875_mv2.jpg]
[static.wixstatic.com/media/54ade2_63131afa635746829397342e5a156e98_mv2.jpg/v1/fit/w_480,h_271,q_90,enc_avif,quality_auto/54ade2_63131afa635746829397342e5a156e98_mv2.jpg]
[static.wixstatic.com/media/54ade2_cb14b6e371f1413eb6fee1940395f632_mv2.jpg/v1/fit/w_480,h_271,q_90,enc_avif,quality_auto/54ade2_cb14b6e371f1413eb6fee1940395f632_mv2.jpg]
[static.wixstatic.com/media/54ade2_9ae77bdf8f2f47679cf62618865e9d76_mv2.jpg/v1/fit/w_480,h_271,q_90,enc_avif,quality_auto/54ade2_9ae77bdf8f2f47679cf62618865e9d76_mv2.jpg]
[static.wixstatic.com/media/54ade2_992ced9f6f0d4fdaa8d03c21f170ab3a_mv2.jpg/v1/fit/w_480,h_271,q_90,enc_avif,quality_auto/54ade2_992ced9f6f0d4fdaa8d03c21f170ab3a_mv2.jpg]
[static.wixstatic.com/media/54ade2_ac11bfb75bf5436f89565537daa5d601_mv2.jpg/v1/fit/w_480,h_271,q_90,enc_avif,quality_auto/54ade2_ac11bfb75bf5436f89565537daa5d601_mv2.jpg]
[static.wixstatic.com/media/54ade2_88b2d873579246ac956e205859ff21bf_mv2.jpg/v1/fit/w_480,h_271,q_90,enc_avif,quality_auto/54ade2_88b2d873579246ac956e205859ff21bf_mv2.jpg]
[static.wixstatic.com/media/54ade2_5a2f737457c14daf9b856121fcaea86f_mv2.jpg/v1/fit/w_480,h_271,q_90,enc_avif,quality_auto/54ade2_5a2f737457c14daf9b856121fcaea86f_mv2.jpg]
[static.wixstatic.com/media/54ade2_6d8d6b8403c849e4b6fd1df0b2ddf624_mv2.jpg/v1/fit/w_480,h_271,q_90,enc_avif,quality_auto/54ade2_6d8d6b8403c849e4b6fd1df0b2ddf624_mv2.jpg]
[static.wixstatic.com/media/54ade2_e8fe70d66d6044928ed485b5be2fbe7f_mv2.jpg/v1/fit/w_480,h_271,q_90,enc_avif,quality_auto/54ade2_e8fe70d66d6044928ed485b5be2fbe7f_mv2.jpg]
[static.wixstatic.com/media/54ade2_3c8d064bbb4346d1a012a6e4c5823cf7_mv2.jpg/v1/fit/w_480,h_271,q_90,enc_avif,quality_auto/54ade2_3c8d064bbb4346d1a012a6e4c5823cf7_mv2.jpg]
[static.wixstatic.com/media/54ade2_ffccceba677948ca8a7cc7990ed22c51_mv2.jpg/v1/fit/w_480,h_271,q_90,enc_avif,quality_auto/54ade2_ffccceba677948ca8a7cc7990ed22c51_mv2.jpg]
[static.wixstatic.com/media/54ade2_76913754defb416c9c04ccf1e5e86339_mv2.jpg/v1/fit/w_480,h_271,q_90,enc_avif,quality_auto/54ade2_76913754defb416c9c04ccf1e5e86339_mv2.jpg]
[static.wixstatic.com/media/54ade2_0765cbc6554e4c4580ca150365318952_mv2.jpg/v1/fit/w_480,h_271,q_90,enc_avif,quality_auto/54ade2_0765cbc6554e4c4580ca150365318952_mv2.jpg]
[static.wixstatic.com/media/54ade2_ea2dde152b5c455098747fbf002be78f_mv2.jpg/v1/fit/w_480,h_271,q_90,enc_avif,quality_auto/54ade2_ea2dde152b5c455098747fbf002be78f_mv2.jpg]
[static.wixstatic.com/media/54ade2_c5c0698cadae4180b632827510772f7d_mv2.jpg/v1/fit/w_480,h_271,q_90,enc_avif,quality_auto/54ade2_c5c0698cadae4180b632827510772f7d_mv2.jpg]
[static.wixstatic.com/media/54ade2_505914a000c2470591c673355c8916c4_mv2.jpg/v1/fit/w_480,h_271,q_90,enc_avif,quality_auto/54ade2_505914a000c2470591c673355c8916c4_mv2.jpg]
[static.wixstatic.com/media/54ade2_615eef629d304444bf33b5d8c7ff9085_mv2.jpg/v1/fit/w_480,h_271,q_90,enc_avif,quality_auto/54ade2_615eef629d304444bf33b5d8c7ff9085_mv2.jpg]
[static.wixstatic.com/media/54ade2_b6f322d319504dea98a95144af54e3a8_mv2.jpg/v1/fit/w_480,h_271,q_90,enc_avif,quality_auto/54ade2_b6f322d319504dea98a95144af54e3a8_mv2.jpg]
[static.wixstatic.com/media/54ade2_1f66c664f0b142a79796f335a53ccc16_mv2.jpg/v1/fit/w_480,h_271,q_90,enc_avif,quality_auto/54ade2_1f66c664f0b142a79796f335a53ccc16_mv2.jpg]
[static.wixstatic.com/media/54ade2_c68251fddae24e01831b07218d45f1f7_mv2.jpg/v1/fit/w_480,h_271,q_90,enc_avif,quality_auto/54ade2_c68251fddae24e01831b07218d45f1f7_mv2.jpg]
[static.wixstatic.com/media/54ade2_baf00515e40f405c94cdf0edf892bc7a_mv2.jpg/v1/fit/w_480,h_271,q_90,enc_avif,quality_auto/54ade2_baf00515e40f405c94cdf0edf892bc7a_mv2.jpg]
[static.wixstatic.com/media/3a7434_cb8ba6bc646148be8f3164ed42047e3c_mv2.jpg/v1/fill/w_122,h_91,al_c,q_80,usm_0.66_1.00_0.01,blur_2,enc_avif,quality_auto/3a7434_cb8ba6bc646148be8f3164ed42047e3c_mv2.jpg]
[static.wixstatic.com/media/54ade2_90ee5c663c374a41ab1a45c0621da2ae_mv2.png/v1/fill/w_59,h_100,al_c,q_85,usm_0.66_1.00_0.01,enc_avif,quality_auto/re-pixs-logo-transparent-white.png]
[static.wixstatic.com/media/54ade2_68169d0744ed499bb32a83c1e2246f76_mv2.png/v1/fill/w_30,h_30,al_c,q_85,usm_0.66_1.00_0.01,enc_avif,quality_auto/54ade2_68169d0744ed499bb32a83c1e2246f76_mv2.png]
[static.wixstatic.com/media/11062b_603340b7bcb14e7785c7b65b233cd9f9_mv2.png/v1/fill/w_30,h_30,al_c,q_85,usm_0.66_1.00_0.01,enc_avif,quality_auto/11062b_603340b7bcb14e7785c7b65b233cd9f9_mv2.png]
[static.wixstatic.com/media/11062b_7dcffe5daf2944b7be0a46ac6d472634_mv2.png/v1/fill/w_30,h_30,al_c,q_85,usm_0.66_1.00_0.01,enc_avif,quality_auto/11062b_7dcffe5daf2944b7be0a46ac6d472634_mv2.png]
[static.wixstatic.com/media/11062b_f433e4b9a1b74cbbba7f9144343b88e3_mv2.png/v1/fill/w_30,h_30,al_c,q_85,usm_0.66_1.00_0.01,enc_avif,quality_auto/11062b_f433e4b9a1b74cbbba7f9144343b88e3_mv2.png]
[www.repixs.com/${s.78.delayed]
[www.repixs.com/privacy-policy.html]
[www.repixs.com/window.location.href]
[browser.sentry-cdn.com/7.120.3/bundle.tracing.es5.min.js]
[browser.sentry-cdn.com/7.120.3/modulemetadata.es5.min.js]
[www.repixs.com/sitemap.xml]
[www.repixs.com/feed.xml]
[static.parastorage.com/unpkg/react@18.3.1/umd/react.production.min.js]
[static.parastorage.com/unpkg/react-dom@18.3.1/umd/react-dom.production.min.js]
[static.parastorage.com/unpkg/lodash@4.17.21/lodash.min.js]
[static.parastorage.com/services/wix-thunderbolt/dist/thunderbolt-commons.973e4512.bundle.min.js]
[static.parastorage.com/services/wix-thunderbolt/dist/main.adbed24f.bundle.min.js]
[static.parastorage.com/services/wix-thunderbolt/dist/main.renderer.99fa8096.bundle.min.js]
[static.parastorage.com/services/wix-thunderbolt/dist/browser-deprecation.bundle.es5.js]
[www.repixs.com/e]
[www.repixs.com/index.html]
[www.repixs.com/C,location.html]
[www.repixs.com/t.html]
[www.repixs.com/o.html]
[static.parastorage.com/services/tag-manager-client/1.1066.0/siteTags.bundle.min.js]
[static.wixstatic.com/media/3a7434_c3ecc46511f4419b89c719cf85ef2eab_mv2.jpg/v1/fill/w_70,h_47,al_c,q_80,usm_0.66_1.00_0.01,blur_2,enc_avif,quality_auto/3a7434_c3ecc46511f4419b89c719cf85ef2eab_mv2.jpg]
[static.wixstatic.com/media/3a7434_90ca6ad935ed46d490fbed0cad62206b_mv2.jpg/v1/fill/w_236,h_400,al_c,q_80,usm_0.66_1.00_0.01,enc_avif,quality_auto/11447 SW Colmar Ln - PRINT-14.jpg]
[static.wixstatic.com/media/3a7434_2ae5108033c249e988cdd2c465343e9e_mv2.jpg/v1/fill/w_236,h_400,al_c,q_80,usm_0.66_1.00_0.01,enc_av/Copy of 30425 SE Haley Rd Twilights and Mt Hood - PRINT-1 (1).88.delaye]
[static.wixstatic.com/media/3a7434_f86b50a5783c4b3796c447c354201213_mv2.jpg/v1/fill/w_425,h_335,al_c,q_80,usm_0.66_1.00_0.01,enc_avif,quality_auto/5600 Meadows Rd Twilights-11_JPG.jpg]
[static.wixstatic.com/media/54ade2_0cf0d2329aad42a8b4e39a549ee80ea2_mv2.png/v1/fill/w_31,h_22,al_c,q_85,usm_0.66_1.00_0.01,blur_2,enc_avif,quality_auto/54ade2_0cf0d2329aad42a8b4e39a549ee80ea2_mv2.png]
[www.repixs.com/our-services.html]
[static.wixstatic.com/media/3a7434_e02e7416a5f84a4b912cf7301a7fe927_mv2.jpg/v1/fill/w_70,h_47,al_c,q_80,usm_0.66_1.00_0.01,blur_2,enc_avif,quality_auto/3a7434_e02e7416a5f84a4b912cf7301a7fe927_mv2.jpg]
[static.wixstatic.com/media/3a7434_b3944b5fc4384f86a3c9d88bd154d6a4_mv2.jpg/v1/crop/x_1283,y_0,w_2433,h_3333/fill/w_238,h_326,al_c,q_80,usm_0.66_1.00_0.01,enc_av/11447 SW Colmar Ln - PRINT-32.jpg]
[static.wixstatic.com/media/54ade2_ea46c342fc9048e192fbf9f62c49b76a_mv2.jpg/v1/crop/x_1000,y_0,w_1945,h_2667/fill/w_321,h_440,al_c,q_80,usm_0.66_1.00_0.01,enc_av/3007 NE 165th Pl Virtual Twilight-1.8d.de]
[static.wixstatic.com/media/3a7434_b7693b0798254e9bb5b356b61c409fe7_mv2.jpg/v1/crop/x_868,y_0,w_3132,h_2666/fill/w_408,h_347,al_c,q_80,usm_0.66_1.00_0.01,enc_avif,quality_auto/Route 8-6 (1).jpg]
[static.wixstatic.com/media/3a7434_869df15e16d64304a07c301d361ea8d0_mv2.jpg/v1/crop/x_808,y_0,w_1967,h_3333/fill/w_236,h_400,al_c,q_80,usm_0.66_1.00_0.01,enc_av/26914 NE 103rd Ave - PRINT-44.jpg]
[static.wixstatic.com/media/3a7434_e3ec07899ed24aa9bdf2d7d8714e5333_mv2.jpg/v1/fill/w_236,h_400,al_c,q_80,usm_0.66_1.00_0.01,enc_avif,quality_auto/780 NW Valley St - PRINT-15_JPG.jpg]
[static.wixstatic.com/media/54ade2_ba770522d9f54703a837f402b1e60a1d_mv2.jpg/v1/fill/w_408,h_347,al_c,q_80,usm_0.66_1.00_0.01,enc_avif,quality_auto/121 S Santa Fe Ct - PRINT-111.jpg]
[www.repixs.com/portfolio.html]
[static.wixstatic.com/media/54ade2_0a1fbeabf3284b929343c420d62077ed_mv2.png/v1/fill/w_23,h_16,al_c,q_85,usm_0.66_1.00_0.01,blur_2,enc_avif,quality_auto/54ade2_0a1fbeabf3284b929343c420d62077ed_mv2.png]
[static.wixstatic.com/media/3a7434_ca80198eb1344dc8b50b38d4eccb227a_mv2.jpg/v1/fill/w_276,h_184,q_90,enc_avif,quality_auto/3a7434_ca80198eb1344dc8b50b38d4eccb227a_mv2.jpg]
[static.wixstatic.com/media/3a7434_b20e77a312bc400682ac59ecb7b1f78e_mv2.jpg/v1/fill/w_276,h_184,q_90,enc_avif,quality_auto/3a7434_b20e77a312bc400682ac59ecb7b1f78e_mv2.jpg]
[static.wixstatic.com/media/3a7434_f042eccf691c484eb9e93169fc6bee2e_mv2.jpg/v1/fill/w_557,h_371,q_90,enc_avif,quality_auto/3a7434_f042eccf691c484eb9e93169fc6bee2e_mv2.jpg]
[static.wixstatic.com/media/3a7434_9e00be7406e04f18bcefe66563e32375_mv2.jpg/v1/fill/w_419,h_277,q_90,enc_avif,quality_auto/3a7434_9e00be7406e04f18bcefe66563e32375_mv2.jpg]
[static.wixstatic.com/media/3a7434_5a68d10ecd27491fa2ac0842af3ddd23_mv2.jpg/v1/fill/w_419,h_278,q_90,enc_avif,quality_auto/3a7434_5a68d10ecd27491fa2ac0842af3ddd23_mv2.jpg]
[static.wixstatic.com/media/3a7434_02a2144ff1ed4d8e953d79e8130338b0_mv2.jpg/v1/fill/w_417,h_277,q_90,enc_avif,quality_auto/3a7434_02a2144ff1ed4d8e953d79e8130338b0_mv2.jpg]
[static.wixstatic.com/media/3a7434_f95ed1d9def241b2971a68f3386221dd_mv2.jpg/v1/fill/w_417,h_278,q_90,enc_avif,quality_auto/3a7434_f95ed1d9def241b2971a68f3386221dd_mv2.jpg]
[static.wixstatic.com/media/3a7434_5934033c10c04001a10d43b775f58fa0_mv2.jpg/v1/fill/w_559,h_371,q_90,enc_avif,quality_auto/3a7434_5934033c10c04001a10d43b775f58fa0_mv2.jpg]
[static.wixstatic.com/media/3a7434_a6d1b2a233eb4dd28aebeab054766fb9_mv2.jpg/v1/fill/w_278,h_184,q_90,enc_avif,quality_auto/3a7434_a6d1b2a233eb4dd28aebeab054766fb9_mv2.jpg]
[static.wixstatic.com/media/3a7434_f94cc9d9f9504f90a47089120957b59c_mv2.jpg/v1/fill/w_276,h_184,q_90,enc_avif,quality_auto/3a7434_f94cc9d9f9504f90a47089120957b59c_mv2.jpg]
[static.wixstatic.com/media/3a7434_df273764d92b44f6969a431658f6755f_mv2.jpg/v1/fill/w_980,h_654,q_90,enc_avif,quality_auto/3a7434_df273764d92b44f6969a431658f6755f_mv2.jpg]
[static.wixstatic.com/media/3a7434_aa7b240d96e1418e97a0999b95156b71_mv2.jpg/v1/fill/w_276,h_184,q_90,enc_avif,quality_auto/3a7434_aa7b240d96e1418e97a0999b95156b71_mv2.jpg]
[static.wixstatic.com/media/3a7434_a0c3a175b32f41e88021473278380d90_mv2.jpg/v1/fill/w_276,h_184,q_90,enc_avif,quality_auto/3a7434_a0c3a175b32f41e88021473278380d90_mv2.jpg]
[static.wixstatic.com/media/3a7434_87cc611b314f43e6ae3760c0668c35bf_mv2.jpg/v1/fill/w_557,h_371,q_90,enc_avif,quality_auto/3a7434_87cc611b314f43e6ae3760c0668c35bf_mv2.jpg]
[static.wixstatic.com/media/3a7434_4d401d2fcbc04c3981816663f1d42273_mv2.jpg/v1/fill/w_419,h_277,q_90,enc_avif,quality_auto/3a7434_4d401d2fcbc04c3981816663f1d42273_mv2.jpg]
[static.wixstatic.com/media/3a7434_6dd9ed12d1df4b45bde86ea11272dc01_mv2.jpg/v1/fill/w_419,h_278,q_90,enc_avif,quality_auto/3a7434_6dd9ed12d1df4b45bde86ea11272dc01_mv2.jpg]
[static.wixstatic.com/media/3a7434_d10e5c189ca54290944c885800d13375_mv2.jpg/v1/fill/w_417,h_277,q_90,enc_avif,quality_auto/3a7434_d10e5c189ca54290944c885800d13375_mv2.jpg]
[static.wixstatic.com/media/3a7434_58268107eed94a8bbd1c8a4c139dc08c_mv2.jpg/v1/fill/w_417,h_278,q_90,enc_avif,quality_auto/3a7434_58268107eed94a8bbd1c8a4c139dc08c_mv2.jpg]
[static.wixstatic.com/media/3a7434_74538d6ac2d149d7b8b03e9f956aa952_mv2.jpg/v1/fill/w_559,h_371,q_90,enc_avif,quality_auto/3a7434_74538d6ac2d149d7b8b03e9f956aa952_mv2.jpg]
[static.wixstatic.com/media/3a7434_22f2a734f4794ec98aba4318254f1083_mv2.jpg/v1/fill/w_278,h_184,q_90,enc_avif,quality_auto/3a7434_22f2a734f4794ec98aba4318254f1083_mv2.jpg]
[static.wixstatic.com/media/3a7434_ea8d3a444d824b19add151dc0c2aafc4_mv2.jpg/v1/fill/w_276,h_184,q_90,enc_avif,quality_auto/3a7434_ea8d3a444d824b19add151dc0c2aafc4_mv2.jpg]
[static.wixstatic.com/media/3a7434_89e08d8d24d44f2686b8d57ce651906b_mv2.jpg/v1/fill/w_477,h_318,q_90,enc_avif,quality_auto/3a7434_89e08d8d24d44f2686b8d57ce651906b_mv2.jpg]
[static.wixstatic.com/media/3a7434_e10bc454eb5848239d0e02e30d4010fc_mv2.jpg/v1/fill/w_247,h_164,q_90,enc_avif,quality_auto/3a7434_e10bc454eb5848239d0e02e30d4010fc_mv2.jpg]
[static.wixstatic.com/media/3a7434_963516d1dfb945fb9f9b624038393212_mv2.jpg/v1/fill/w_246,h_164,q_90,enc_avif,quality_auto/3a7434_963516d1dfb945fb9f9b624038393212_mv2.jpg]
[static.wixstatic.com/media/3a7434_8e48c614d368485f9ea6ec3c5663297e_mv2.jpg/v1/fill/w_498,h_331,q_90,enc_avif,quality_auto/3a7434_8e48c614d368485f9ea6ec3c5663297e_mv2.jpg]
[static.wixstatic.com/media/3a7434_6b3213dec1ec4e7a852097e0c5aa5185_mv2.jpg/v1/fill/w_276,h_184,q_90,enc_avif,quality_auto/3a7434_6b3213dec1ec4e7a852097e0c5aa5185_mv2.jpg]
[static.wixstatic.com/media/3a7434_2dd5eb014e4b404eb58bed26f6e377d8_mv2.jpg/v1/fill/w_276,h_184,q_90,enc_avif,quality_auto/3a7434_2dd5eb014e4b404eb58bed26f6e377d8_mv2.jpg]
[static.wixstatic.com/media/3a7434_1e295f18b8d945749dfac2295e0008a5_mv2.jpg/v1/fill/w_557,h_371,q_90,enc_avif,quality_auto/3a7434_1e295f18b8d945749dfac2295e0008a5_mv2.jpg]
[static.wixstatic.com/media/3a7434_d54cb0fafa604150abd63e3744ef0395_mv2.jpg/v1/fill/w_418,h_277,q_90,enc_avif,quality_auto/3a7434_d54cb0fafa604150abd63e3744ef0395_mv2.jpg]
[static.wixstatic.com/media/3a7434_cc1344ead1ae45f184c9f53f3b60c433_mv2.jpg/v1/fill/w_418,h_278,q_90,enc_avif,quality_auto/3a7434_cc1344ead1ae45f184c9f53f3b60c433_mv2.jpg]
[static.wixstatic.com/media/3a7434_08dfc8613cd842b9b072b9093e8e6320_mv2.jpg/v1/fill/w_417,h_277,q_90,enc_avif,quality_auto/3a7434_08dfc8613cd842b9b072b9093e8e6320_mv2.jpg]
[static.wixstatic.com/media/3a7434_a5a8e27a8246465d9ca234478fa66037_mv2.jpg/v1/fill/w_417,h_278,q_90,enc_avif,quality_auto/3a7434_a5a8e27a8246465d9ca234478fa66037_mv2.jpg]
[static.wixstatic.com/media/3a7434_05acbc3377b24f509068946c368a43da_mv2.jpg/v1/fill/w_558,h_371,q_90,enc_avif,quality_auto/3a7434_05acbc3377b24f509068946c368a43da_mv2.jpg]
[static.wixstatic.com/media/3a7434_f6cf38ca971448cfa7cf983e0cc27f57_mv2.jpg/v1/fill/w_277,h_184,q_90,enc_avif,quality_auto/3a7434_f6cf38ca971448cfa7cf983e0cc27f57_mv2.jpg]
[static.wixstatic.com/media/3a7434_13b773afe30f4933881b54b2059ecfc0_mv2.jpg/v1/fill/w_276,h_184,q_90,enc_avif,quality_auto/3a7434_13b773afe30f4933881b54b2059ecfc0_mv2.jpg]
[static.wixstatic.com/media/3a7434_cd34249f544c45cdb93d14d801231985_mv2.jpg/v1/fill/w_980,h_655,q_90,enc_avif,quality_auto/3a7434_cd34249f544c45cdb93d14d801231985_mv2.jpg]
[static.parastorage.com/services/wix-thunderbolt/dist/thunderbolt-commons.8a79fac6.bundle.min.js]
[static.parastorage.com/services/wix-thunderbolt/dist/main.4af3a3b4.bundle.min.js]
[www.repixs.com/residential.html]
[static.parastorage.com/services/pro-gallery-tpa/1.1521.0/WixProGalleryViewerWidget.bundle.min.js]
[static.wixstatic.com/media/54ade2_ac512d63cc2947e58cf111665236d37f_mv2.jpg/v1/fill/w_70,h_47,al_c,q_80,usm_0.66_1.00_0.01,blur_2,enc_avif,quality_auto/54ade2_ac512d63cc2947e58cf111665236d37f_mv2.jpg]
[static.wixstatic.com/media/3a7434_2de873412a1f42e580271d8aa09549e8_mv2.jpg/v1/fill/w_332,h_221,q_90,enc_avif,quality_auto/3a7434_2de873412a1f42e580271d8aa09549e8_mv2.jpg]
[static.wixstatic.com/media/3a7434_467d6e0eaa4643a1a62a609f90598b24_mv2.jpg/v1/fill/w_331,h_221,q_90,enc_avif,quality_auto/3a7434_467d6e0eaa4643a1a62a609f90598b24_mv2.jpg]
[static.wixstatic.com/media/3a7434_15976340d5f24f038eac2f1f32fc93b7_mv2.jpg/v1/fill/w_668,h_444,q_90,enc_avif,quality_auto/3a7434_15976340d5f24f038eac2f1f32fc93b7_mv2.jpg]
[static.wixstatic.com/media/3a7434_038e206fc7f04e52963ef9797dcd5745_mv2.jpg/v1/fill/w_307,h_204,q_90,enc_avif,quality_auto/3a7434_038e206fc7f04e52963ef9797dcd5745_mv2.jpg]
[static.wixstatic.com/media/3a7434_d90294caa114420c8b58534ffe219b37_mv2.jpg/v1/fill/w_307,h_461,q_90,enc_avif,quality_auto/3a7434_d90294caa114420c8b58534ffe219b37_mv2.jpg]
[static.wixstatic.com/media/3a7434_0a03b246721240b4b51aa09fea798db6_mv2.jpg/v1/fill/w_426,h_284,q_90,enc_avif,quality_auto/3a7434_0a03b246721240b4b51aa09fea798db6_mv2.jpg]
[static.wixstatic.com/media/3a7434_8509c79747a6477db0f597aa80f6e018_mv2.jpg/v1/fill/w_426,h_319,q_90,enc_avif,quality_auto/3a7434_8509c79747a6477db0f597aa80f6e018_mv2.jpg]
[static.wixstatic.com/media/3a7434_ffbfc0550b114f4eb9f676049e67477f_mv2.jpg/v1/fill/w_549,h_411,q_90,enc_avif,quality_auto/3a7434_ffbfc0550b114f4eb9f676049e67477f_mv2.jpg]
[static.wixstatic.com/media/3a7434_3cd9ffd3f7f2411d858e71197ec4bf2e_mv2.jpg/v1/fill/w_256,h_192,q_90,enc_avif,quality_auto/3a7434_3cd9ffd3f7f2411d858e71197ec4bf2e_mv2.jpg]
[static.wixstatic.com/media/3a7434_6d92a79d3b2448d99fcdce03cf6a4338_mv2.jpg/v1/fill/w_288,h_192,q_90,enc_avif,quality_auto/3a7434_6d92a79d3b2448d99fcdce03cf6a4338_mv2.jpg]
[static.wixstatic.com/media/3a7434_af3061ed51bc403e8a7fd1bb5584bcd6_mv2.jpg/v1/fill/w_980,h_654,q_90,enc_avif,quality_auto/3a7434_af3061ed51bc403e8a7fd1bb5584bcd6_mv2.jpg]
[static.wixstatic.com/media/3a7434_3e26fd2d4229406b8c304df986fc5bdf_mv2.jpg/v1/fill/w_276,h_184,q_90,enc_avif,quality_auto/3a7434_3e26fd2d4229406b8c304df986fc5bdf_mv2.jpg]
[static.wixstatic.com/media/3a7434_2226add2f04e4279ab55f2cf5b3f80e0_mv2.jpg/v1/fill/w_276,h_184,q_90,enc_avif,quality_auto/3a7434_2226add2f04e4279ab55f2cf5b3f80e0_mv2.jpg]
[static.wixstatic.com/media/3a7434_f292a46ead624958a0682eeae3120691_mv2.jpg/v1/fill/w_557,h_371,q_90,enc_avif,quality_auto/3a7434_f292a46ead624958a0682eeae3120691_mv2.jpg]
[static.wixstatic.com/media/3a7434_9c819ca1ab5443fe97b91ff5c64cf94a_mv2.jpg/v1/fill/w_419,h_277,q_90,enc_avif,quality_auto/3a7434_9c819ca1ab5443fe97b91ff5c64cf94a_mv2.jpg]
[static.wixstatic.com/media/3a7434_77102c4427914a4b9d363425a1055111_mv2.jpg/v1/fill/w_419,h_278,q_90,enc_avif,quality_auto/3a7434_77102c4427914a4b9d363425a1055111_mv2.jpg]
[static.wixstatic.com/media/3a7434_a1d1fdb8539748a1adf3ca958e127fdf_mv2.jpg/v1/fill/w_417,h_277,q_90,enc_avif,quality_auto/3a7434_a1d1fdb8539748a1adf3ca958e127fdf_mv2.jpg]
[static.wixstatic.com/media/3a7434_91380151057641259c375591c8e636c9_mv2.jpg/v1/fill/w_417,h_278,q_90,enc_avif,quality_auto/3a7434_91380151057641259c375591c8e636c9_mv2.jpg]
[static.wixstatic.com/media/3a7434_ea042a231edb4cf9b32eadbc17046c61_mv2.jpg/v1/fill/w_559,h_371,q_90,enc_avif,quality_auto/3a7434_ea042a231edb4cf9b32eadbc17046c61_mv2.jpg]
[static.wixstatic.com/media/3a7434_dc68a4ef93034c04a8a6f90f08030bf6_mv2.jpg/v1/fill/w_278,h_184,q_90,enc_avif,quality_auto/3a7434_dc68a4ef93034c04a8a6f90f08030bf6_mv2.jpg]
[static.wixstatic.com/media/3a7434_937f4d06c18b431a9e1a37bdb7fabeb8_mv2.jpg/v1/fill/w_276,h_184,q_90,enc_avif,quality_auto/3a7434_937f4d06c18b431a9e1a37bdb7fabeb8_mv2.jpg]
[static.wixstatic.com/media/3a7434_91aff5e088e34d00acebd6ce7fe8a076_mv2.jpg/v1/fill/w_446,h_297,q_90,enc_avif,quality_auto/3a7434_91aff5e088e34d00acebd6ce7fe8a076_mv2.jpg]
[static.wixstatic.com/media/3a7434_a826314b52a04e929eb2221ccd9d198c_mv2.jpg/v1/fill/w_446,h_297,q_90,enc_avif,quality_auto/3a7434_a826314b52a04e929eb2221ccd9d198c_mv2.jpg]
[static.wixstatic.com/media/3a7434_02ace370e8584e0e97303ab79a003af7_mv2.jpg/v1/fill/w_162,h_242,q_90,enc_avif,quality_auto/3a7434_02ace370e8584e0e97303ab79a003af7_mv2.jpg]
[static.wixstatic.com/media/3a7434_2113ea4437594342819c0bbe313a7e06_mv2.jpg/v1/fill/w_362,h_242,q_90,enc_avif,quality_auto/3a7434_2113ea4437594342819c0bbe313a7e06_mv2.jpg]
[static.wixstatic.com/media/3a7434_4748455cc33f44458f810ceb041ce777_mv2.jpg/v1/fill/w_529,h_352,q_90,enc_avif,quality_auto/3a7434_4748455cc33f44458f810ceb041ce777_mv2.jpg]
[static.wixstatic.com/media/3a7434_2d855cdf76914ac694ffff93edb7531b_mv2.jpg/v1/fill/w_276,h_184,q_90,enc_avif,quality_auto/3a7434_2d855cdf76914ac694ffff93edb7531b_mv2.jpg]
[static.wixstatic.com/media/3a7434_0039a6ee312d47aab0deb9e301a53a6a_mv2.jpg/v1/fill/w_276,h_184,q_90,enc_avif,quality_auto/3a7434_0039a6ee312d47aab0deb9e301a53a6a_mv2.jpg]
[static.wixstatic.com/media/3a7434_43477dcaf4ad47a98281d2c30fa727a3_mv2.jpg/v1/fill/w_557,h_371,q_90,enc_avif,quality_auto/3a7434_43477dcaf4ad47a98281d2c30fa727a3_mv2.jpg]
[static.wixstatic.com/media/3a7434_fa8aae5fa7e542b58d8f39575d7166ff_mv2.jpg/v1/fill/w_418,h_278,q_90,enc_avif,quality_auto/3a7434_fa8aae5fa7e542b58d8f39575d7166ff_mv2.jpg]
[static.wixstatic.com/media/3a7434_47f43dfef02a49249e1894337baaa6cf_mv2.jpg/v1/fill/w_418,h_277,q_90,enc_avif,quality_auto/3a7434_47f43dfef02a49249e1894337baaa6cf_mv2.jpg]
[static.wixstatic.com/media/3a7434_167e8a6840114042a569b45de095eb3f_mv2.jpg/v1/fill/w_417,h_277,q_90,enc_avif,quality_auto/3a7434_167e8a6840114042a569b45de095eb3f_mv2.jpg]
[static.wixstatic.com/media/3a7434_7075273aeadf47e0baff2790d382c617_mv2.jpg/v1/fill/w_417,h_278,q_90,enc_avif,quality_auto/3a7434_7075273aeadf47e0baff2790d382c617_mv2.jpg]
[static.wixstatic.com/media/3a7434_1b9d7073337449a0911e9498c33aaa47_mv2.jpg/v1/fill/w_558,h_371,q_90,enc_avif,quality_auto/3a7434_1b9d7073337449a0911e9498c33aaa47_mv2.jpg]
[static.wixstatic.com/media/3a7434_d6fedfe53f594e0baf91732013ca8ed1_mv2.jpg/v1/fill/w_277,h_184,q_90,enc_avif,quality_auto/3a7434_d6fedfe53f594e0baf91732013ca8ed1_mv2.jpg]
[static.wixstatic.com/media/3a7434_b098b87053d24018a3b2b20496a986ce_mv2.jpg/v1/fill/w_276,h_184,q_90,enc_avif,quality_auto/3a7434_b098b87053d24018a3b2b20496a986ce_mv2.jpg]
[static.wixstatic.com/media/3a7434_08abeb889b2b4a44b0e1479f62f3f6ec_mv2.jpg/v1/fill/w_980,h_654,q_90,enc_avif,quality_auto/3a7434_08abeb889b2b4a44b0e1479f62f3f6ec_mv2.jpg]
[www.repixs.com/commercial.html]
[static.wixstatic.com/media/3a7434_751db6a454304ad3ad35e8a2c4c351cb_mv2.jpg/v1/fill/w_70,h_47,al_c,q_80,usm_0.66_1.00_0.01,blur_2,enc_avif,quality_auto/3a7434_751db6a454304ad3ad35e8a2c4c351cb_mv2.jpg]
[www.repixs.com/3d-tours.html]
[static.wixstatic.com/media/3a7434_43a7a9c351264a7aa1da676a1a491c73_mv2.jpg/v1/fill/w_70,h_47,al_c,q_80,usm_0.66_1.00_0.01,blur_2,enc_avif,quality_auto/3a7434_43a7a9c351264a7aa1da676a1a491c73_mv2.jpg]
[www.repixs.com/videos.html]
[static.wixstatic.com/media/3a7434_c5fb55e15da84f779875fbc17ac16e02_mv2.jpg/v1/fill/w_84,h_47,al_c,q_80,usm_0.66_1.00_0.01,blur_2,enc_avif,quality_auto/3a7434_c5fb55e15da84f779875fbc17ac16e02_mv2.jpg]
[static.wixstatic.com/media/3a7434_54bb9a1b3b124901a0ddd03d88e5bfce_mv2.jpg/v1/crop/x_1151,y_118,w_1941,h_2662/fill/w_321,h_440,al_c,q_80,usm_0.66_1.00_0.01,enc_avif,quality_auto/234 SE 29th St-1dte.jpg]
[static.wixstatic.com/media/3a7434_89a5f9e23e01412c99b3cbd3c4d7f732_mv2.jpg/v1/crop/x_1283,y_0,w_2433,h_3333/fill/w_238,h_326,al_c,q_80,usm_0.66_1.00_0.01,enc_av/11447 SW Colmar Ln - PRINT-32.jpg]
[static.wixstatic.com/media/3a7434_235aed4c078a47a3bbc54e24cb1e5fa6_mv2.jpg/v1/crop/x_714,y_0,w_3831,h_3750/fill/w_236,h_231,al_c,q_80,usm_0.66_1.00_0.01,enc_av/1123 N Highway 101 - PRINT-31.jpg]
[static.wixstatic.com/media/54ade2_ae033b3396e7419fa5046acabfdde841_mv2.png/v1/fill/w_45,h_64,al_c,q_85,usm_0.66_1.00_0.01,enc_avif,quality_auto/54ade2_ae033b3396e7419fa5046acabfdde841_mv2.png]
[static.wixstatic.com/media/3a7434_2fea977964894d59a9c6a68b15a0fe31_mv2.jpg/v1/crop/x_2471,y_0,w_1720,h_3333/fill/w_236,h_457,al_c,q_80,usm_0.66_1.00_0.01,enc_av/2050 NE Hoyt St Virtual Staging - PRINT-1]
[static.wixstatic.com/media/3a7434_42a85ee625a8445eaf2d7c5a4cbcdd05_mv2.jpg/v1/crop/x_1612,y_0,w_1775,h_3340/fill/w_236,h_444,al_c,q_80,usm_0.66_1.00_0.01,enc_av/Copy of 2409 Broadway St Twilight - PRINT]
[static.wixstatic.com/media/54ade2_3c76f533f4c6453586647bb439fa4bdc_mv2.png/v1/fill/w_50,h_50,al_c,q_85,usm_0.66_1.00_0.01,enc_avif,quality_auto/video-camera.png]
[static.wixstatic.com/media/3a7434_6bde436a3aea4b2b8860bc3943ef2366_mv2.jpg/v1/crop/x_287,y_0,w_2608,h_2666/fill/w_236,h_241,al_c,q_80,usm_0.66_1.00_0.01,enc_av/2050 Northeast Pacific Street-55 copy.ea.d]
[static.wixstatic.com/media/54ade2_1fbe5b33e20c46f18e888911ea28ed4d_mv2.png/v1/fill/w_50,h_50,al_c,q_85,usm_0.66_1.00_0.01,enc_avif,quality_auto/play.png]
[static.wixstatic.com/media/54ade2_17c82a86b0d04fd385d9d2bb9304017b_mv2.png/v1/fill/w_50,h_50,al_c,q_85,usm_0.66_1.00_0.01,enc_avif,quality_auto/photographer.png]
[static.parastorage.com/services/wix-thunderbolt/dist/thunderbolt-commons.195f1477.bundle.min.js]
[www.repixs.com/about-us.html]
[static.parastorage.com/services/wix-thunderbolt/dist/main.5256c1f8.bundle.min.js]
[static.wixstatic.com/media/3a7434_4ad2465de87e4e43a39a213aa5c8dd0a_mv2.jpg/v1/fill/w_303,h_304,al_c,q_80,usm_0.66_1.00_0.01,enc_avif,quality_auto/Image-empty-state.jpg]
[static.wixstatic.com/media/3a7434_1f9671cfa0444fe398395e1e34309f1b_mv2.jpg/v1/fill/w_303,h_304,al_c,q_80,usm_0.66_1.00_0.01,enc_avif,quality_auto/Image-empty-state.jpg]
[www.repixs.com/team/ashley-miles.html]
[static.wixstatic.com/media/3a7434_5bf70bb7c64f40cdbea7f1ac67b1d7dc_mv2.jpg/v1/fill/w_303,h_304,al_c,q_80,usm_0.66_1.00_0.01,enc_avif,quality_auto/Image-empty-state.jpg]
[www.repixs.com/team/christina-smith.html]
[static.wixstatic.com/media/3a7434_d00c00d3b0614d5e8ad280f6f3184969_mv2.jpg/v1/fill/w_51,h_76,al_c,q_80,usm_0.66_1.00_0.01,blur_2,enc_avif,quality_auto/Image-empty-state.jpg]
[www.repixs.com/team/kyland-terrell.html]
[static.wixstatic.com/media/3a7434_067ac26d285c4e719f2579a82838bf81_mv2.jpg/v1/fill/w_51,h_76,al_c,q_80,usm_0.66_1.00_0.01,blur_2,enc_avif,quality_auto/Image-empty-state.jpg]
[www.repixs.com/team/mary-mcalonie.html]
[static.wixstatic.com/media/3a7434_a8eef11e0b094e288b6bb580e4c1b5c0_mv2.jpg/v1/fill/w_51,h_76,al_c,q_80,usm_0.66_1.00_0.01,blur_2,enc_avif,quality_auto/Image-empty-state.jpg]
[www.repixs.com/team/kyle-soto.html]
[static.wixstatic.com/media/3a7434_50cfc0c379a844f2a97d3304dc254ecb_mv2.png/v1/fill/w_76,h_76,al_c,q_85,usm_0.66_1.00_0.01,blur_2,enc_avif,quality_auto/Image-empty-state.png]
[www.repixs.com/team/theo-berg-rooper.html]
[static.wixstatic.com/media/3a7434_f5f558c6ab3243ddb4a67e5418e3552b_mv2.jpg/v1/fill/w_57,h_76,al_c,q_80,usm_0.66_1.00_0.01,blur_2,enc_avif,quality_auto/Image-empty-state.jpg]
[static.wixstatic.com/media/3a7434_04598c3f9e3a44da9fdcf094b3c9f629_mv2.jpg/v1/fill/w_76,h_50,al_c,q_80,usm_0.66_1.00_0.01,blur_2,enc_avif,quality_auto/Image-empty-state.jpg]
[www.repixs.com/team/danny-casillas.html]
[www.repixs.com/team/seth-dresbeck.html]
[www.repixs.com/team.html]
[static.wixstatic.com/media/3a7434_1750d905bb1d427daef1a9d72aac2c03_mv2.png/v1/fill/w_28,h_16,al_c,q_85,usm_0.66_1.00_0.01,blur_2,enc_avif,quality_auto/3a7434_1750d905bb1d427daef1a9d72aac2c03_mv2.png]
[static.wixstatic.com/media/3a7434_5dd273426d4f4bce846f50e797aa9b8f_mv2.jpg/v1/crop/x_1517,y_0,w_1966,h_3333/fill/w_236,h_400,al_c,q_80,usm_0.66_1.00_0.01,enc_avif,quality_auto/8443 SE Orient Dr-88.jpg]
[www.repixs.com/team/sebastian-prevost.html]
[static.wixstatic.com/media/3a7434_6e35acb01a294fbda5bfae8622369812_mv2.jpg/v1/crop/x_1725,y_177,w_1372,h_2327/fill/w_236,h_400,al_c,q_80,usm_0.66_1.00_0.01,enc_avif,quality_auto/14625 SW 152 Ave-34.jpg]
[static.wixstatic.com/media/54ade2_58106705360d4fd18d91dd61ff6b0b0f_mv2.jpg/v1/fill/w_409,h_357,al_c,q_80,usm_0.66_1.00_0.01,enc_avif,quality_auto/5010 NW 140th St - PRINT-41.jpg]
[static.wixstatic.com/media/54ade2_4ae994dafff545fd920a0ecf1c4e6a60_mv2.jpg/v1/crop/x_1094,y_0,w_2813,h_2813/fill/w_429,h_429,al_c,q_80,usm_0.66_1.00_0.01,enc_av/5010 NW 140th St - PRINT-91.jpg]
[static.wixstatic.com/media/54ade2_ae033b3396e7419fa5046acabfdde841_mv2.png/v1/fill/w_116,h_166,al_c,q_85,usm_0.66_1.00_0.01,enc_avif,quality_auto/54ade2_ae033b3396e7419fa5046acabfdde841_mv2.png]
[static.wixstatic.com/media/54ade2_253cd8c6a8834e43a1d50016222d1222_mv2.png/v1/fill/w_76,h_76,al_c,q_85,usm_0.66_1.00_0.01,enc_avif,quality_auto/surveilance.png]
[static.wixstatic.com/media/3a7434_29cdb833a5b44d86bc81a365008059bc_mv2.jpg/v1/fill/w_409,h_426,al_c,q_80,usm_0.66_1.00_0.01,enc_avif,quality_auto/RepixsEquipmentPhotos-5.jpg]
[www.repixs.com/_files/ugd/RE%20PIXS%20ApartmentComplex%20Pricing%202026.pdf_; filename_=UTF-8''RE%20PIXS%20ApartmentComplex%20Pricing%202026.pdf]
[www.repixs.com/pricing-and-booking.html]
[static.wixstatic.com/media/nsplsh_e7648430195a4d589e05a85f49f285c3_mv2.jpg/v1/fill/w_71,h_47,al_c,q_80,usm_0.66_1.00_0.01,blur_2,enc_avif,quality_auto/nsplsh_e7648430195a4d589e05a85f49f285c3_mv2.jpg]
[www.repixs.com/contact.html]
[static.parastorage.com/services/communities-blog-ooi/1.3196.0/client-viewer/9955.chunk.min.js]
[static.parastorage.com/services/communities-blog-ooi/1.3196.0/client-viewer/1854.chunk.min.js]
[static.parastorage.com/services/communities-blog-ooi/1.3196.0/client-viewer/8684.chunk.min.js]
[static.parastorage.com/services/communities-blog-ooi/1.3196.0/client-viewer/post-list-pro-gallery.chunk.min.js]
[www.repixs.com/blog/page/2.html]
[static.wixstatic.com/media/nsplsh_1fe9d06ec0364c15828f1b0c968d320b_mv2.jpg/v1/fill/w_63,h_47,al_c,q_80,usm_0.66_1.00_0.01,blur_2,enc_avif,quality_auto/nsplsh_1fe9d06ec0364c15828f1b0c968d320b_mv2.jpg]
[www.repixs.com/blog/categories/tips-and-tricks.html]
[www.repixs.com/blog/categories/covid-19.html]
[www.repixs.com/blog/categories/elite-partnership.html]
[www.repixs.com/blog/categories/agents.html]
[www.repixs.com/blog/categories/team.html]
[www.repixs.com/blog/categories/community.html]
[www.repixs.com/blog/categories/3d-matterport.html]
[www.repixs.com/blog/categories/special-projects.html]
[www.repixs.com/blog/categories/services.html]
[www.repixs.com/blog/categories/photography.html]
[www.repixs.com/blog/categories/drone.html]
[www.repixs.com/blog/categories/add-ons.html]
[www.repixs.com/post/real-estate-photo-compliance-2026.html]
[www.repixs.com/profile/6102eb90-6b2a-47cf-947e-78acce40b36b40290/profile.html]
[www.repixs.com/post/how-to-master-the-immediately-noticeable-rule-in-your-real-estate-videos.html]
[www.repixs.com/post/community-videos-explained-and-how-they-can-elevate-your-branding.html]
[www.repixs.com/profile/ashley-miles/profile.html]
[www.repixs.com/post/why-leading-brands-trust-re-pixs-for-commercial-property-media.html]
[www.repixs.com/post/commercial-photography-media-that-elevates-your-property.html]
[www.repixs.com/post/give-listings-a-fresh-look-with-green-grass-edits-our-smart-saver-package.html]
[www.repixs.com/blog/page/3.html]
[www.repixs.com/blog/page/4.html]
[www.repixs.com/blog/page/10.html]
[www.repixs.com/blog/page/5.html]
[www.repixs.com/blog.html]
[static.parastorage.com/services/communities-blog-ooi/1.3196.0/BlogViewerWidgetNoCss.bundle.min.js]
[static.wixstatic.com/media/nsplsh_a91783fe02da423b932d3206e4abfedb_mv2.jpg/v1/fill/w_70,h_47,al_c,q_80,usm_0.66_1.00_0.01,blur_2,enc_avif,quality_auto/nsplsh_a91783fe02da423b932d3206e4abfedb_mv2.jpg]
[static.wixstatic.com/media/3a7434_5ed09529230b4c4bb2daa8e30fedc10d_mv2.jpg/v1/fill/w_230,h_172,al_c,q_80,usm_0.66_1.00_0.01,enc_avif,quality_auto/COVERPHOTORESIDENTIALCROPPED (1).jpg]
[static.wixstatic.com/media/3a7434_5601ee28c8324a21a2cd6d8615984666_mv2.jpg/v1/fill/w_230,h_172,al_c,q_80,usm_0.66_1.00_0.01,enc_avif,quality_auto/COVERPHOTOAIRBNBCROPPED (1).jpg]
[static.wixstatic.com/media/3a7434_e0afaed20df8454e913ab301c23cfd04_mv2.jpg/v1/fill/w_230,h_172,al_c,q_80,usm_0.66_1.00_0.01,enc_avif,quality_auto/COVERPHOTOCOMMERCIALCROPPED (1).jpg]
[static.wixstatic.com/media/3a7434_47271e8b19b6444181af2ab46e96278b_mv2.jpg/v1/fill/w_230,h_172,al_c,q_80,usm_0.66_1.00_0.01,enc_avif,quality_auto/COVERPHOTOELITECLIENT.jpg]
[www.repixs.com/booknow.html]
[www.repixs.com/media/emptystate.85a4add5.html]
[www.repixs.com/privacy-policy.html]
[www.repixs.com/${s.html]
[www.repixs.com/window.location.html]
[www.repixs.com/api]
[www.repixs.com/api/index.html]
[www.repixs.com/envelope]
[www.repixs.com/envelope/index.html]
[www.repixs.com/feed.html]
[www.repixs.com/e.html]
[www.repixs.com/team/C,location.html]
[www.repixs.com/team/t.134.delayed]
[www.repixs.com/team/o]
[static.wixstatic.com/media/3a7434_4ad2465de87e4e43a39a213aa5c8dd0a_mv2.jpg/v1/fill/w_383,h_385,al_c,q_80,usm_0.66_1.00_0.01,enc_avif,quality_auto/Image-empty-state.jpg]
[www.repixs.com/team/${s.uri}]
[www.repixs.com/team/window.location.href]
[www.repixs.com/team/robots.txt]
[www.repixs.com/team/sitemap.xml]
[www.repixs.com/team/feed.xml]
[www.repixs.com/team/e]
[www.repixs.com/team/ashley-miles.html]
[static.wixstatic.com/media/3a7434_1f9671cfa0444fe398395e1e34309f1b_mv2.jpg/v1/fill/w_383,h_385,al_c,q_80,usm_0.66_1.00_0.01,enc_avif,quality_auto/Image-empty-state.jpg]
[www.repixs.com/team/christina-smith.html]
[static.wixstatic.com/media/3a7434_5bf70bb7c64f40cdbea7f1ac67b1d7dc_mv2.jpg/v1/fill/w_383,h_385,al_c,q_80,usm_0.66_1.00_0.01,enc_avif,quality_auto/Image-empty-state.jpg]
[www.repixs.com/team/kyland-terrell.html]
[static.wixstatic.com/media/3a7434_d00c00d3b0614d5e8ad280f6f3184969_mv2.jpg/v1/fill/w_383,h_385,al_c,q_80,usm_0.66_1.00_0.01,enc_avif,quality_auto/Image-empty-state.jpg]
[www.repixs.com/team/mary-mcalonie.html]
[static.wixstatic.com/media/3a7434_067ac26d285c4e719f2579a82838bf81_mv2.jpg/v1/fill/w_383,h_385,al_c,q_80,usm_0.66_1.00_0.01,enc_avif,quality_auto/Image-empty-state.jpg]
[www.repixs.com/team/kyle-soto.html]
[static.wixstatic.com/media/3a7434_a8eef11e0b094e288b6bb580e4c1b5c0_mv2.jpg/v1/fill/w_383,h_385,al_c,q_80,usm_0.66_1.00_0.01,enc_avif,quality_auto/Image-empty-state.jpg]
[www.repixs.com/team/theo-berg-rooper.html]
[static.wixstatic.com/media/3a7434_50cfc0c379a844f2a97d3304dc254ecb_mv2.png/v1/fill/w_383,h_385,al_c,q_85,usm_0.66_1.00_0.01,enc_avif,quality_auto/Image-empty-state.png]
[www.repixs.com/team/seth-dresbeck.html]
[static.wixstatic.com/media/3a7434_f5f558c6ab3243ddb4a67e5418e3552b_mv2.jpg/v1/fill/w_383,h_385,al_c,q_80,usm_0.66_1.00_0.01,enc_avif,quality_auto/Image-empty-state.jpg]
[www.repixs.com/team/danny-casillas.html]
[static.wixstatic.com/media/3a7434_04598c3f9e3a44da9fdcf094b3c9f629_mv2.jpg/v1/fill/w_383,h_385,al_c,q_80,usm_0.66_1.00_0.01,enc_avif,quality_auto/Image-empty-state.jpg]
[www.repixs.com/team/sebastian-prevost.html]
[www.repixs.com/blog/page/C,location.html]
[www.repixs.com/blog/page/t.html]
[www.repixs.com/blog/page/o.html]
[www.repixs.com/post/virtual-staging.html]
[www.repixs.com/post/editing-enhancements.html]
[www.repixs.com/post/drone-photography-real-estate-portland-vancouver.html]
[www.repixs.com/post/booking-tutorial.html]
[www.repixs.com/post/discover-the-excellence-of-re-pixs.html]
[www.repixs.com/post/real-estate-photography-making-a-difference-in-portland-oregon.html]
[www.repixs.com/blog/page/${s.html]
[www.repixs.com/blog/page/window.location.html]
[www.repixs.com/blog/page/sitemap.xml]
[www.repixs.com/blog/page/feed.xml]
[www.repixs.com/blog/page/robots.html]
[www.repixs.com/blog/page/2.html]
[www.repixs.com/blog/page/e.html]
[www.repixs.com/blog/categories/C,location.href]
[www.repixs.com/blog/categories/t]
[www.repixs.com/blog/categories/o]
[www.repixs.com/blog/categories/tips-and-tricks/page/2.html]
[www.repixs.com/post/preparing-a-property-for-a-3d-tour.html]
[www.repixs.com/post/dont-scare-clients.html]
[www.repixs.com/post/3-simple-ways-to-enhance-your-online-presence.html]
[www.repixs.com/post/keys-to-intentional-work-life-balance.html]
[www.repixs.com/post/buyers-perspective-pro-photos.html]
[www.repixs.com/post/zillow-tours.html]
[www.repixs.com/blog/categories/${s.15e.delayed]
[www.repixs.com/blog/categories/window.location.href]
[www.repixs.com/blog/categories/robots.txt]
[www.repixs.com/blog/categories/sitemap.xml]
[www.repixs.com/blog/categories/feed.xml]
[www.repixs.com/blog/categories/e]
[www.repixs.com/blog/categories/tips-and-tricks.html]
[www.repixs.com/post/repixs-and-joule.html]
[www.repixs.com/post/caring-for-our-community-during-covid-19.html]
[www.repixs.com/post/staying-connected-as-a-remote-team.html]
[www.repixs.com/profile/ad00939b-8268-42c8-a333-7c23fb395123/profile.html]
[www.repixs.com/post/small-business-week-giveaway.html]
[www.repixs.com/blog/categories/covid-19.html]
[www.repixs.com/post/3-secrets-to-grow-your-real-estate-business-during-covid19.html]
[www.repixs.com/blog/categories/elite-partnership.html]
[www.repixs.com/post/we-are-different-here-s-how.html]
[static.parastorage.com/services/communities-blog-ooi/1.3195.0/client-viewer/9955.chunk.min.js]
[static.parastorage.com/services/communities-blog-ooi/1.3195.0/client-viewer/1854.chunk.min.js]
[static.parastorage.com/services/communities-blog-ooi/1.3195.0/client-viewer/8684.chunk.min.js]
[static.parastorage.com/services/communities-blog-ooi/1.3195.0/client-viewer/post-list-pro-gallery.chunk.min.js]
[www.repixs.com/post/5-ways-to-stay-connected-as-a-remote-team.html]
[www.repixs.com/blog/categories/agents.html]
[static.parastorage.com/services/communities-blog-ooi/1.3195.0/BlogViewerWidgetNoCss.bundle.min.js]
[www.repixs.com/post/getting-reviews-for-your-business-realtor-edition.html]
[www.repixs.com/post/look-inside-ashley-s-life.html]
[www.repixs.com/blog/categories/team.html]
[www.repixs.com/blog/categories/community.html]
[www.repixs.com/post/meet-sam.html]
[www.repixs.com/post/3d-tours.html]
[www.repixs.com/post/8-matterport-secrets.html]
[www.repixs.com/post/all-services-explained.html]
[www.repixs.com/profile/amanda/profile.html]
[www.repixs.com/blog/categories/3d-matterport.html]
[www.repixs.com/post/pivot-with-3d-tour.html]
[www.repixs.com/post/virtual-tour-differences.html]
[www.repixs.com/blog/categories/special-projects.html]
[www.repixs.com/post/special-project-spotlight-shooting-the-twilight-house.html]
[www.repixs.com/post/stand-out-with-twilight-photography.html]
[www.repixs.com/blog/categories/services.html]
[www.repixs.com/post/room-measurements.html]
[www.repixs.com/post/photographing-real-estate-in-different-lighting-conditions.html]
[www.repixs.com/blog/categories/photography.html]
[www.repixs.com/profile/2ed2cc32-e621-4e24-ad76-b03b2270ea6c/profile.html]
[www.repixs.com/post/drones-for-real-estate.html]
[www.repixs.com/blog/categories/drone.html]
[www.repixs.com/post/drone.html]
[www.repixs.com/blog/categories/add-ons.html]
[www.repixs.com/post/zillow-certified-photographers.html]
[www.repixs.com/post/C,location.href]
[www.repixs.com/post/t]
[www.repixs.com/post/o]
[static.parastorage.com/services/communities-blog-ooi/1.3196.0/client-viewer/9981.chunk.min.js]
[static.parastorage.com/services/communities-blog-ooi/1.3196.0/client-viewer/243.chunk.min.js]
[static.parastorage.com/services/communities-blog-ooi/1.3196.0/client-viewer/7426.chunk.min.js]
[static.parastorage.com/services/communities-blog-ooi/1.3196.0/client-viewer/8887.chunk.min.js]
[static.parastorage.com/services/communities-blog-ooi/1.3196.0/client-viewer/7246.chunk.min.js]
[static.parastorage.com/services/communities-blog-ooi/1.3196.0/client-viewer/4647.chunk.min.js]
[static.parastorage.com/services/communities-blog-ooi/1.3196.0/client-viewer/1406.chunk.min.js]
[static.parastorage.com/services/communities-blog-ooi/1.3196.0/client-viewer/730.chunk.min.js]
[static.parastorage.com/services/communities-blog-ooi/1.3196.0/client-viewer/rich-content-viewer.chunk.min.js]
[static.parastorage.com/services/communities-blog-ooi/1.3196.0/client-viewer/5250.chunk.min.js]
[static.parastorage.com/services/communities-blog-ooi/1.3196.0/client-viewer/ricos_plugin_image.chunk.min.js]
[static.parastorage.com/services/communities-blog-ooi/1.3196.0/client-viewer/ricos_plugin_html.chunk.min.js]
[static.parastorage.com/services/communities-blog-ooi/1.3196.0/client-viewer/2286.chunk.min.js]
[static.parastorage.com/services/communities-blog-ooi/1.3196.0/client-viewer/881.chunk.min.js]
[static.parastorage.com/services/communities-blog-ooi/1.3196.0/client-viewer/7002.chunk.min.js]
[static.parastorage.com/services/communities-blog-ooi/1.3196.0/client-viewer/9570.chunk.min.js]
[static.parastorage.com/services/communities-blog-ooi/1.3196.0/client-viewer/post-page-wix-comments.chunk.min.js]
[static.wixstatic.com/media/3a7434_808cb1f3dea041be9896f33c289d529e_mv2.jpg/v1/fill/w_147,h_98,al_c,q_80,usm_0.66_1.00_0.01,blur_2,enc_avif,quality_auto/3a7434_808cb1f3dea041be9896f33c289d529e_mv2.jpg]
[static.wixstatic.com/media/3a7434_6be5f4deece64981825ed6491b4da752_mv2.jpg/v1/fill/w_147,h_83,al_c,q_80,usm_0.66_1.00_0.01,blur_2,enc_avif,quality_auto/3a7434_6be5f4deece64981825ed6491b4da752_mv2.jpg]
[www.repixs.com/blog/tags/best-practices-for-realtors.html]
[www.repixs.com/blog/tags/real-estate-photography.html]
[www.repixs.com/blog/tags/3d-tours.html]
[www.repixs.com/blog/tags/re-pixs.html]
[www.repixs.com/blog/tags/marketing.html]
[www.repixs.com/blog/tags/business-strategy.html]
[www.repixs.com/blog/tags/realtor-tips.html]
[www.repixs.com/blog/tags/portland-real-estate.html]
[www.repixs.com/blog/tags/listing-marketing.html]
[www.repixs.com/blog/tags/portland-real-estate-photography.html]
[www.repixs.com/blog/tags/compliance.html]
[www.repixs.com/post/${s.uri}]
[www.repixs.com/post/window.location.href]
[www.repixs.com/post/robots.txt]
[www.repixs.com/post/sitemap.xml]
[www.repixs.com/post/feed.xml]
[static.parastorage.com/services/communities-blog-ooi/1.3196.0/PostViewerWidgetNoCss.bundle.min.js]
[www.repixs.com/post/e]
[www.repixs.com/post/real-estate-photo-compliance-2026.html]
[www.repixs.com/profile/6102eb90-6b2a-47cf-947e-78acce40b36b40290/C,location.html]
[www.repixs.com/profile/6102eb90-6b2a-47cf-947e-78acce40b36b40290/t.html]
[static.parastorage.com/services/members-about-ooi/1.2673.0/client-viewer/8778.chunk.min.js]
[www.repixs.com/profile/6102eb90-6b2a-47cf-947e-78acce40b36b40290/o.html]
[static.parastorage.com/services/members-about-ooi/1.2673.0/client-viewer/RootWidget.chunk.min.js]
[static.parastorage.com/services/members-about-ooi/1.2673.0/client-viewer/Toast.chunk.min.js]
[static.parastorage.com/services/profile-card-tpa-ooi/1.2926.0/client-viewer/Toast.chunk.min.js]
[static.parastorage.com/services/profile-card-tpa-ooi/1.2926.0/client-viewer/509.chunk.min.js]
[static.parastorage.com/services/profile-card-tpa-ooi/1.2926.0/client-viewer/94.chunk.min.js]
[static.parastorage.com/services/profile-card-tpa-ooi/1.2926.0/client-viewer/DesktopResponsiveRootWidget.chunk.min.js]
[www.repixs.com/profile/6102eb90-6b2a-47cf-947e-78acce40b36b40290/${s.html]
[www.repixs.com/profile/6102eb90-6b2a-47cf-947e-78acce40b36b40290/window.location.html]
[www.repixs.com/profile/6102eb90-6b2a-47cf-947e-78acce40b36b40290/sitemap.xml]
[www.repixs.com/profile/6102eb90-6b2a-47cf-947e-78acce40b36b40290/robots.html]
[www.repixs.com/profile/6102eb90-6b2a-47cf-947e-78acce40b36b40290/feed.xml]
[static.parastorage.com/services/profile-card-tpa-ooi/1.2926.0/ProfileCardViewerWidgetNoCss.bundle.min.js]
[static.parastorage.com/services/members-about-ooi/1.2673.0/ProfileViewerWidgetNoCss.bundle.min.js]
[www.repixs.com/profile/6102eb90-6b2a-47cf-947e-78acce40b36b40290/profile.html]
[www.repixs.com/profile/6102eb90-6b2a-47cf-947e-78acce40b36b40290/e.html]
[static.parastorage.com/services/communities-blog-ooi/1.3196.0/client-viewer/ricos_plugin_video.chunk.min.js]
[static.parastorage.com/services/communities-blog-ooi/1.3196.0/client-viewer/ricos_plugin_button.chunk.min.js]
[www.repixs.com/post/how-to-master-the-immediately-noticeable-rule-in-your-real-estate-videos.html]
[static.wixstatic.com/media/3a7434_5be65b424f3d4c69bf7c7fa60c56a75d_mv2.jpg/v1/fill/w_147,h_110,al_c,q_80,usm_0.66_1.00_0.01,blur_2,enc_avif,quality_auto/3a7434_5be65b424f3d4c69bf7c7fa60c56a75d_mv2.jpg]
[www.repixs.com/post/community-videos-explained-and-how-they-can-elevate-your-branding.html]
[www.repixs.com/profile/ashley-miles/C,location.html]
[www.repixs.com/profile/ashley-miles/t.html]
[www.repixs.com/profile/ashley-miles/o.html]
[www.repixs.com/profile/ashley-miles/${s.html]
[www.repixs.com/profile/ashley-miles/window.location.html]
[www.repixs.com/profile/ashley-miles/robots.html]
[www.repixs.com/profile/ashley-miles/sitemap.xml]
[www.repixs.com/profile/ashley-miles/feed.xml]
[www.repixs.com/profile/ashley-miles/profile.html]
[www.repixs.com/profile/ashley-miles/e.html]
[static.wixstatic.com/media/3a7434_f3e8591412a94a3ebd1e8ce89240d779_mv2.jpg/v1/fill/w_147,h_98,al_c,q_80,usm_0.66_1.00_0.01,blur_2,enc_avif,quality_auto/3a7434_f3e8591412a94a3ebd1e8ce89240d779_mv2.jpg]
[static.wixstatic.com/media/3a7434_f6a20a8c11ba42d2adfb4984e5d0d33e_mv2.jpg/v1/fill/w_147,h_114,al_c,q_80,usm_0.66_1.00_0.01,blur_2,enc_avif,quality_auto/3a7434_f6a20a8c11ba42d2adfb4984e5d0d33e_mv2.jpg]
[static.wixstatic.com/media/3a7434_335d749b27104cb3a81331d63af26d68_mv2.jpg/v1/fill/w_147,h_98,al_c,q_80,usm_0.66_1.00_0.01,blur_2,enc_avif,quality_auto/3a7434_335d749b27104cb3a81331d63af26d68_mv2.jpg]
[static.wixstatic.com/media/3a7434_4b2f087e377d4308a28c15cde2ccff71_mv2.jpg/v1/fill/w_147,h_98,al_c,q_80,usm_0.66_1.00_0.01,blur_2,enc_avif,quality_auto/3a7434_4b2f087e377d4308a28c15cde2ccff71_mv2.jpg]
[static.wixstatic.com/media/3a7434_4d1ded7209274531a6b83ecc6d874db4_mv2.jpg/v1/fill/w_147,h_98,al_c,q_80,usm_0.66_1.00_0.01,blur_2,enc_avif,quality_auto/3a7434_4d1ded7209274531a6b83ecc6d874db4_mv2.jpg]
[www.repixs.com/post/why-leading-brands-trust-re-pixs-for-commercial-property-media.html]
[static.wixstatic.com/media/3a7434_0d817536da5246c78c9b0674c873ca8f_mv2.jpg/v1/fill/w_147,h_83,al_c,q_80,usm_0.66_1.00_0.01,blur_2,enc_avif,quality_auto/3a7434_0d817536da5246c78c9b0674c873ca8f_mv2.jpg]
[static.wixstatic.com/media/3a7434_42dc8a18d8434d1788fd4927f02a8ea8_mv2.jpg/v1/fill/w_147,h_98,al_c,q_80,usm_0.66_1.00_0.01,blur_2,enc_avif,quality_auto/3a7434_42dc8a18d8434d1788fd4927f02a8ea8_mv2.jpg]
[static.wixstatic.com/media/3a7434_163a0d3cb64748779ecd8080c97a8659_mv2.jpg/v1/fill/w_147,h_98,al_c,q_80,usm_0.66_1.00_0.01,blur_2,enc_avif,quality_auto/3a7434_163a0d3cb64748779ecd8080c97a8659_mv2.jpg]
[static.wixstatic.com/media/3a7434_26843a71bb6340fd9fed3d75f28019a1_mv2.jpg/v1/fill/w_147,h_98,al_c,q_80,usm_0.66_1.00_0.01,blur_2,enc_avif,quality_auto/3a7434_26843a71bb6340fd9fed3d75f28019a1_mv2.jpg]
[www.repixs.com/post/commercial-photography-media-that-elevates-your-property.html]
[static.wixstatic.com/media/3a7434_e9064c43b42f4c8f8c7e8f36c6fa6702_mv2.png/v1/fill/w_49,h_49,al_c,q_85,usm_0.66_1.00_0.01,blur_2,enc_avif,quality_auto/3a7434_e9064c43b42f4c8f8c7e8f36c6fa6702_mv2.png]
[static.wixstatic.com/media/3a7434_1750d905bb1d427daef1a9d72aac2c03_mv2.png/v1/fill/w_49,h_28,al_c,q_85,usm_0.66_1.00_0.01,blur_2,enc_avif,quality_auto/3a7434_1750d905bb1d427daef1a9d72aac2c03_mv2.png]
[www.repixs.com/post/give-listings-a-fresh-look-with-green-grass-edits-our-smart-saver-package.html]
[www.repixs.com/post/year-end-tax-benefits.html]
[www.repixs.com/blog/page/3.html]
[static.parastorage.com/services/communities-blog-ooi/1.3189.0/client-viewer/9955.chunk.min.js]
[static.parastorage.com/services/communities-blog-ooi/1.3189.0/client-viewer/1854.chunk.min.js]
[static.parastorage.com/services/communities-blog-ooi/1.3189.0/client-viewer/8684.chunk.min.js]
[www.repixs.com/post/zillow-tours-masterclass-by-re-pixs.html]
[static.parastorage.com/services/communities-blog-ooi/1.3189.0/client-viewer/post-list-pro-gallery.chunk.min.js]
[www.repixs.com/post/favorite-projects.html]
[www.repixs.com/post/better-biz.html]
[www.repixs.com/blog/page/4.html]
[static.parastorage.com/services/communities-blog-ooi/1.3189.0/BlogViewerWidgetNoCss.bundle.min.js]
[www.repixs.com/blog/page/6.html]
[www.repixs.com/post/commercial-3d-scans.html]
[www.repixs.com/blog/page/5.html]
[www.repixs.com/blog/page/7.html]
[www.repixs.com/blog/page/9.html]
[www.repixs.com/post/shareable-virtual-home-buyers-guide.html]
[www.repixs.com/blog/page/10.html]
[www.repixs.com/api.html]
[www.repixs.com/envelope.html]
[www.repixs.com/blog/page/8.html]
[www.repixs.com/team/c,location.href]
[www.repixs.com/team/C,location.html]
[www.repixs.com/team/t.html]
[www.repixs.com/team/o.html]
[www.repixs.com/team/${s.html]
[www.repixs.com/team/window.location.html]
[www.repixs.com/team/robots.html]
[www.repixs.com/team/sitemap.html]
[www.repixs.com/team/feed.html]
[www.repixs.com/team/e.html]
[www.repixs.com/blog/page/C,location.html]
[www.repixs.com/blog/page/t.html]
[www.repixs.com/blog/page/o.html]
[static.wixstatic.com/media/3a7434_9c3efb707200484bb22b2cd90e5a2311_mv2.jpg/v1/fill/w_147,h_98,al_c,q_80,usm_0.66_1.00_0.01,blur_2,enc_avif,quality_auto/3a7434_9c3efb707200484bb22b2cd90e5a2311_mv2.jpg]
[static.wixstatic.com/media/3a7434_f5b8cc189bc140d1bdf29a9ef343bbbf_mv2.png/v1/fill/w_49,h_16,al_c,q_85,usm_0.66_1.00_0.01,blur_2,enc_avif,quality_auto/3a7434_f5b8cc189bc140d1bdf29a9ef343bbbf_mv2.png]
[static.wixstatic.com/media/3a7434_3ee2ef774bb147409de88262db1751a1_mv2.png/v1/fill/w_49,h_16,al_c,q_85,usm_0.66_1.00_0.01,blur_2,enc_avif,quality_auto/3a7434_3ee2ef774bb147409de88262db1751a1_mv2.png]
[static.wixstatic.com/media/3a7434_82d26466346443408c05f4f80b5dff1c_mv2.png/v1/fill/w_49,h_16,al_c,q_85,usm_0.66_1.00_0.01,blur_2,enc_avif,quality_auto/3a7434_82d26466346443408c05f4f80b5dff1c_mv2.png]
[www.repixs.com/post/virtual-staging.html]
[static.parastorage.com/services/communities-blog-ooi/1.3196.0/client-viewer/ricos_figure_caption.chunk.min.js]
[static.parastorage.com/services/communities-blog-ooi/1.3196.0/client-viewer/8741.chunk.min.js]
[static.parastorage.com/services/communities-blog-ooi/1.3196.0/client-viewer/3931.chunk.min.js]
[static.parastorage.com/services/communities-blog-ooi/1.3196.0/client-viewer/7902.chunk.min.js]
[static.parastorage.com/services/communities-blog-ooi/1.3196.0/client-viewer/7180.chunk.min.js]
[static.parastorage.com/services/communities-blog-ooi/1.3196.0/client-viewer/ricos_plugin_gallery.chunk.min.js]
[static.wixstatic.com/media/3a7434_b8cb99f301ec40d4a72efd761dd93f36_mv2.png/v1/fill/w_49,h_61,al_c,q_85,usm_0.66_1.00_0.01,blur_2,enc_avif,quality_auto/3a7434_b8cb99f301ec40d4a72efd761dd93f36_mv2.png]
[static.wixstatic.com/media/3a7434_cbc9cf78a07344758f1ddee8b5f4ebbb_mv2.png/v1/fill/w_49,h_61,al_c,q_85,usm_0.66_1.00_0.01,blur_2,enc_avif,quality_auto/3a7434_cbc9cf78a07344758f1ddee8b5f4ebbb_mv2.png]
[static.wixstatic.com/media/3a7434_bf0d9532289e40858a3b33296d732ebd_mv2.png/v1/fill/w_200,h_250,al_c,blur_30/3a7434_bf0d9532289e40858a3b33296d732ebd_mv2.png]
[static.wixstatic.com/media/3a7434_bf0d9532289e40858a3b33296d732ebd_mv2.png/v1/fill/w_390,h_487,al_c/3a7434_bf0d9532289e40858a3b33296d732ebd_mv2.png]
[static.wixstatic.com/media/3a7434_1eaee868879941f4a9e79ab36cd6e649_mv2.png/v1/fill/w_200,h_250,al_c,blur_30/3a7434_1eaee868879941f4a9e79ab36cd6e649_mv2.png]
[static.wixstatic.com/media/3a7434_1eaee868879941f4a9e79ab36cd6e649_mv2.png/v1/fill/w_390,h_487,al_c/3a7434_1eaee868879941f4a9e79ab36cd6e649_mv2.png]
[static.wixstatic.com/media/3a7434_346ef3d0a0a647e39448f6167b75be9c_mv2.png/v1/fill/w_49,h_61,al_c,q_85,usm_0.66_1.00_0.01,blur_2,enc_avif,quality_auto/3a7434_346ef3d0a0a647e39448f6167b75be9c_mv2.png]
[static.wixstatic.com/media/3a7434_2419ddd2bfa34c80ab70e762b43aa680_mv2.png/v1/fill/w_49,h_61,al_c,q_85,usm_0.66_1.00_0.01,blur_2,enc_avif,quality_auto/3a7434_2419ddd2bfa34c80ab70e762b43aa680_mv2.png]
[static.wixstatic.com/media/3a7434_28b97c704ac340e3b890e0c587f3e018_mv2.jpg/v1/fill/w_147,h_83,al_c,q_80,usm_0.66_1.00_0.01,blur_2,enc_avif,quality_auto/3a7434_28b97c704ac340e3b890e0c587f3e018_mv2.jpg]
[static.wixstatic.com/media/3a7434_5ed09529230b4c4bb2daa8e30fedc10d_mv2.jpg/v1/fill/w_250,h_188,al_c,q_30,blur_30/3a7434_5ed09529230b4c4bb2daa8e30fedc10d_mv2.jpg]
[static.wixstatic.com/media/3a7434_5ed09529230b4c4bb2daa8e30fedc10d_mv2.jpg/v1/fill/w_323,h_242,al_c,q_90/3a7434_5ed09529230b4c4bb2daa8e30fedc10d_mv2.jpg]
[static.wixstatic.com/media/3a7434_e0afaed20df8454e913ab301c23cfd04_mv2.jpg/v1/fill/w_251,h_188,al_c,q_30,blur_30/3a7434_e0afaed20df8454e913ab301c23cfd04_mv2.jpg]
[static.wixstatic.com/media/3a7434_e0afaed20df8454e913ab301c23cfd04_mv2.jpg/v1/fill/w_324,h_243,al_c,q_90/3a7434_e0afaed20df8454e913ab301c23cfd04_mv2.jpg]
[static.wixstatic.com/media/3a7434_5601ee28c8324a21a2cd6d8615984666_mv2.jpg/v1/fill/w_250,h_188,al_c,q_30,blur_30/3a7434_5601ee28c8324a21a2cd6d8615984666_mv2.jpg]
[static.wixstatic.com/media/3a7434_5601ee28c8324a21a2cd6d8615984666_mv2.jpg/v1/fill/w_323,h_242,al_c,q_90/3a7434_5601ee28c8324a21a2cd6d8615984666_mv2.jpg]
[www.repixs.com/post/editing-enhancements.html]
[static.wixstatic.com/media/3a7434_f6f3c47b907b4033b326f299f3024fcd_mv2.jpg/v1/fill/w_250,h_250,fp_0.50_0.50,q_30,blur_30/3a7434_f6f3c47b907b4033b326f299f3024fcd_mv2.jpg]
[static.wixstatic.com/media/3a7434_f6f3c47b907b4033b326f299f3024fcd_mv2.jpg/v1/fill/w_323,h_323,fp_0.50_0.50,q_90/3a7434_f6f3c47b907b4033b326f299f3024fcd_mv2.jpg]
[static.wixstatic.com/media/3a7434_cb8ba6bc646148be8f3164ed42047e3c_mv2.jpg/v1/fill/w_251,h_250,fp_0.50_0.50,q_30,blur_30/3a7434_cb8ba6bc646148be8f3164ed42047e3c_mv2.jpg]
[static.wixstatic.com/media/3a7434_cb8ba6bc646148be8f3164ed42047e3c_mv2.jpg/v1/fill/w_324,h_323,fp_0.50_0.50,q_90/3a7434_cb8ba6bc646148be8f3164ed42047e3c_mv2.jpg]
[static.wixstatic.com/media/3a7434_dc9bba6997fb45f0aae57d03b602c0eb_mv2.jpg/v1/fill/w_250,h_250,fp_0.50_0.50,q_30,blur_30/3a7434_dc9bba6997fb45f0aae57d03b602c0eb_mv2.jpg]
[static.wixstatic.com/media/3a7434_dc9bba6997fb45f0aae57d03b602c0eb_mv2.jpg/v1/fill/w_323,h_323,fp_0.50_0.50,q_90/3a7434_dc9bba6997fb45f0aae57d03b602c0eb_mv2.jpg]
[static.wixstatic.com/media/3a7434_d9557d657c35489183a8d2af8d9df84f_mv2.jpg/v1/fill/w_250,h_250,fp_0.50_0.50,q_30,blur_30/3a7434_d9557d657c35489183a8d2af8d9df84f_mv2.jpg]
[static.wixstatic.com/media/3a7434_d9557d657c35489183a8d2af8d9df84f_mv2.jpg/v1/fill/w_323,h_323,fp_0.50_0.50,q_90/3a7434_d9557d657c35489183a8d2af8d9df84f_mv2.jpg]
[static.wixstatic.com/media/3a7434_e59ee8565fd347b691f50f5cbe864b60_mv2.jpg/v1/fill/w_251,h_250,fp_0.50_0.50,q_30,blur_30/3a7434_e59ee8565fd347b691f50f5cbe864b60_mv2.jpg]
[static.wixstatic.com/media/3a7434_e59ee8565fd347b691f50f5cbe864b60_mv2.jpg/v1/fill/w_324,h_323,fp_0.50_0.50,q_90/3a7434_e59ee8565fd347b691f50f5cbe864b60_mv2.jpg]
[static.wixstatic.com/media/3a7434_a7331244a61345fe8ef1405c536f568d_mv2.jpg/v1/fill/w_250,h_250,fp_0.50_0.50,q_30,blur_30/3a7434_a7331244a61345fe8ef1405c536f568d_mv2.jpg]
[static.wixstatic.com/media/3a7434_a7331244a61345fe8ef1405c536f568d_mv2.jpg/v1/fill/w_323,h_323,fp_0.50_0.50,q_90/3a7434_a7331244a61345fe8ef1405c536f568d_mv2.jpg]
[www.repixs.com/post/drone-photography-real-estate-portland-vancouver.html]
[www.repixs.com/post/booking-tutorial.html]
[static.wixstatic.com/media/3a7434_4557c873c98e4ac08a5d68d774150476_mv2.jpg/v1/fill/w_375,h_250,al_c,q_30,blur_30/3a7434_4557c873c98e4ac08a5d68d774150476_mv2.jpg]
[static.wixstatic.com/media/3a7434_4557c873c98e4ac08a5d68d774150476_mv2.jpg/v1/fill/w_323,h_215,fp_0.50_0.50,q_90/3a7434_4557c873c98e4ac08a5d68d774150476_mv2.jpg]
[static.wixstatic.com/media/3a7434_d548c796d9ed43fa94a50370d308d7b2_mv2.jpg/v1/fill/w_375,h_250,al_c,q_30,blur_30/3a7434_d548c796d9ed43fa94a50370d308d7b2_mv2.jpg]
[static.wixstatic.com/media/3a7434_d548c796d9ed43fa94a50370d308d7b2_mv2.jpg/v1/fill/w_324,h_216,fp_0.50_0.50,q_90/3a7434_d548c796d9ed43fa94a50370d308d7b2_mv2.jpg]
[static.wixstatic.com/media/3a7434_cba61fd8f2ec49ea92dc4b5154c9bd3f_mv2.jpg/v1/fill/w_375,h_250,al_c,q_30,blur_30/3a7434_cba61fd8f2ec49ea92dc4b5154c9bd3f_mv2.jpg]
[static.wixstatic.com/media/3a7434_cba61fd8f2ec49ea92dc4b5154c9bd3f_mv2.jpg/v1/fill/w_323,h_215,fp_0.50_0.50,q_90/3a7434_cba61fd8f2ec49ea92dc4b5154c9bd3f_mv2.jpg]
[static.wixstatic.com/media/3a7434_240ef7f3089f49678f2e47f403500428_mv2.jpg/v1/fill/w_375,h_250,al_c,q_30,blur_30/3a7434_240ef7f3089f49678f2e47f403500428_mv2.jpg]
[static.wixstatic.com/media/3a7434_240ef7f3089f49678f2e47f403500428_mv2.jpg/v1/fill/w_323,h_215,fp_0.50_0.50,q_90/3a7434_240ef7f3089f49678f2e47f403500428_mv2.jpg]
[static.wixstatic.com/media/3a7434_89849e7f6be941fba53a3ea9c24a1842_mv2.jpg/v1/fill/w_375,h_250,al_c,q_30,blur_30/3a7434_89849e7f6be941fba53a3ea9c24a1842_mv2.jpg]
[static.wixstatic.com/media/3a7434_89849e7f6be941fba53a3ea9c24a1842_mv2.jpg/v1/fill/w_323,h_215,fp_0.50_0.50,q_90/3a7434_89849e7f6be941fba53a3ea9c24a1842_mv2.jpg]
[static.wixstatic.com/media/3a7434_65737360836f4d49b6cc4a6df10ceac6_mv2.jpg/v1/fill/w_375,h_250,al_c,q_30,blur_30/3a7434_65737360836f4d49b6cc4a6df10ceac6_mv2.jpg]
[static.wixstatic.com/media/3a7434_65737360836f4d49b6cc4a6df10ceac6_mv2.jpg/v1/fill/w_324,h_216,fp_0.50_0.50,q_90/3a7434_65737360836f4d49b6cc4a6df10ceac6_mv2.jpg]
[www.repixs.com/photography.html]
[www.repixs.com/drone.html]
[www.repixs.com/3d-matterport.html]
[static.wixstatic.com/media/3a7434_81837a0bddee4016b1e1efdd17eb9541_mv2.png/v1/fill/w_49,h_12,al_c,q_85,usm_0.66_1.00_0.01,blur_2,enc_avif,quality_auto/3a7434_81837a0bddee4016b1e1efdd17eb9541_mv2.png]
[www.repixs.com/add-ons.html]
[static.wixstatic.com/media/17bf13_3747f62fe1eb404ca72c4f774926a167_mv2.png/v1/fill/w_73,h_9,al_c,q_85,usm_0.66_1.00_0.01,blur_2,enc_avif,quality_auto/17bf13_3747f62fe1eb404ca72c4f774926a167_mv2.png]
[www.repixs.com/post/discover-the-excellence-of-re-pixs.html]
[static.wixstatic.com/media/3a7434_f37c94a595c047b29577b0c0417995d4_mv2.png/v1/fill/w_49,h_6,al_c,q_85,usm_0.66_1.00_0.01,blur_2,enc_avif,quality_auto/3a7434_f37c94a595c047b29577b0c0417995d4_mv2.png]
[www.repixs.com/post/real-estate-photography-making-a-difference-in-portland-oregon.html]
[www.repixs.com/blog/page/${s.html]
[www.repixs.com/blog/page/window.location.html]
[www.repixs.com/blog/page/robots.html]
[www.repixs.com/blog/page/sitemap.html]
[www.repixs.com/blog/page/feed.html]
[www.repixs.com/blog/page/e.html]
[www.repixs.com/blog/categories/C,location.html]
[www.repixs.com/blog/categories/t.html]
[www.repixs.com/blog/categories/o.html]
[www.repixs.com/blog/categories/tips-and-tricks/page/C,location.21b.delayed]
[www.repixs.com/blog/categories/tips-and-tricks/page/t]
[www.repixs.com/blog/categories/tips-and-tricks/page/o]
[www.repixs.com/blog/categories/tips-and-tricks/page/3.html]
[www.repixs.com/post/tools-you-need-to-succeed-in-2022.html]
[www.repixs.com/post/caption-writing-content-planning.html]
[www.repixs.com/post/3-apps-to-improve-social-media.html]
[www.repixs.com/post/auditing-your-instagram.html]
[www.repixs.com/post/why-you-should-use-3d-matterport-tours-on-your-listings-in-2021.html]
[www.repixs.com/post/instagram-marketing-secrets.html]
[www.repixs.com/blog/categories/tips-and-tricks/page/${s.uri}]
[www.repixs.com/blog/categories/tips-and-tricks/page/window.location.href]
[www.repixs.com/blog/categories/tips-and-tricks/page/robots.txt]
[www.repixs.com/blog/categories/tips-and-tricks/page/sitemap.xml]
[www.repixs.com/blog/categories/tips-and-tricks/page/feed.xml]
[www.repixs.com/blog/categories/tips-and-tricks/page/e]
[www.repixs.com/blog/categories/tips-and-tricks/page/2.html]
[www.repixs.com/post/preparing-a-property-for-a-3d-tour.html]
[www.repixs.com/blog/tags/virtual-tours.html]
[static.wixstatic.com/media/3a7434_58808346d538405bb3ab1f21ff167fe6_mv2.png/v1/fill/w_49,h_87,al_c,q_85,usm_0.66_1.00_0.01,blur_2,enc_avif,quality_auto/3a7434_58808346d538405bb3ab1f21ff167fe6_mv2.png]
[www.repixs.com/post/dont-scare-clients.html]
[www.repixs.com/post/3-simple-ways-to-enhance-your-online-presence.html]
[www.repixs.com/post/instagram-for-realtors.html]
[static.parastorage.com/services/communities-blog-ooi/1.3196.0/client-viewer/ricos_plugin_giphy.chunk.min.js]
[www.repixs.com/blog/hashtags/1]
[www.repixs.com/blog/hashtags/2]
[www.repixs.com/blog/hashtags/3]
[www.repixs.com/blog/hashtags/4]
[static.wixstatic.com/media/3a7434_f063a47ffa71435c8c2471bc834291d6_mv2.png/v1/fill/w_49,h_28,al_c,q_85,usm_0.66_1.00_0.01,blur_2,enc_avif,quality_auto/3a7434_f063a47ffa71435c8c2471bc834291d6_mv2.png]
[static.wixstatic.com/media/3a7434_c283498342894631a2c3697f1488fcb9_mv2.png/v1/fill/w_49,h_5,al_c,q_85,usm_0.66_1.00_0.01,blur_2,enc_avif,quality_auto/3a7434_c283498342894631a2c3697f1488fcb9_mv2.png]
[www.repixs.com/post/keys-to-intentional-work-life-balance.html]
[static.wixstatic.com/media/3a7434_2839c51c897a4a79b4ec7702ff3a2590_mv2.png/v1/fill/w_49,h_8,al_c,q_85,usm_0.66_1.00_0.01,blur_2,enc_avif,quality_auto/3a7434_2839c51c897a4a79b4ec7702ff3a2590_mv2.png]
[www.repixs.com/post/buyers-perspective-pro-photos.html]
[www.repixs.com/post/zillow-tours.html]
[www.repixs.com/blog/categories/${s.html]
[www.repixs.com/blog/categories/window.location.html]
[www.repixs.com/blog/categories/robots.html]
[www.repixs.com/blog/categories/sitemap.html]
[www.repixs.com/blog/categories/feed.html]
[www.repixs.com/blog/categories/e.html]
[static.wixstatic.com/media/3a7434_81d7fb195c6e49a7bc9a36ba4a541bb8_mv2.jpg/v1/fill/w_147,h_98,al_c,q_80,usm_0.66_1.00_0.01,blur_2,enc_avif,quality_auto/3a7434_81d7fb195c6e49a7bc9a36ba4a541bb8_mv2.jpg]
[static.wixstatic.com/media/3a7434_3328604f0094404596d5d44bfdbf38da_mv2.png/v1/fill/w_49,h_30,al_c,q_85,usm_0.66_1.00_0.01,blur_2,enc_avif,quality_auto/3a7434_3328604f0094404596d5d44bfdbf38da_mv2.png]
[www.repixs.com/post/repixs-and-joule.html]
[static.wixstatic.com/media/28b1fd80ac6440bb9bcec3327ed9af9a.jpg/v1/fill/w_109,h_109,al_c,q_80,usm_0.66_1.00_0.01,blur_2,enc_avif,quality_auto/28b1fd80ac6440bb9bcec3327ed9af9a.jpg]
[static.wixstatic.com/media/3a7434_086c9103693e4788969e258f657c06d1_mv2.png/v1/fill/w_49,h_34,al_c,q_85,usm_0.66_1.00_0.01,blur_2,enc_avif,quality_auto/3a7434_086c9103693e4788969e258f657c06d1_mv2.png]
[static.wixstatic.com/media/3a7434_c31f0d4670fd470a86bc901eaed7c270_mv2.png/v1/fill/w_67,h_31,al_c,q_85,usm_0.66_1.00_0.01,blur_2,enc_avif,quality_auto/3a7434_c31f0d4670fd470a86bc901eaed7c270_mv2.png]
[static.wixstatic.com/media/3a7434_19ff718682914d0ca7ac27d661f71ec1_mv2.png/v1/fill/w_49,h_32,al_c,q_85,usm_0.66_1.00_0.01,blur_2,enc_avif,quality_auto/3a7434_19ff718682914d0ca7ac27d661f71ec1_mv2.png]
[static.wixstatic.com/media/b6fcf4_88e860f4f4d846b08086a2a5f104b761_mv2.png/v1/fill/w_90,h_15,al_c,q_85,usm_0.66_1.00_0.01,blur_2,enc_avif,quality_auto/b6fcf4_88e860f4f4d846b08086a2a5f104b761_mv2.png]
[www.repixs.com/post/caring-for-our-community-during-covid-19.html]
[static.wixstatic.com/media/b6fcf4_a7efe39758ad4b53bc97590df9c77cdf_mv2.png/v1/fill/w_49,h_19,al_c,q_85,usm_0.66_1.00_0.01,blur_2,enc_avif,quality_auto/b6fcf4_a7efe39758ad4b53bc97590df9c77cdf_mv2.png]
[static.wixstatic.com/media/b6fcf4_fca87393118e4bc180cb2d402351602d_mv2.jpg/v1/fill/w_147,h_110,al_c,q_80,usm_0.66_1.00_0.01,blur_2,enc_avif,quality_auto/b6fcf4_fca87393118e4bc180cb2d402351602d_mv2.jpg]
[static.wixstatic.com/media/b6fcf4_7b49f2bb3a034196ba2b9cec47a62698_mv2.jpg/v1/fill/w_147,h_203,al_c,q_80,usm_0.66_1.00_0.01,blur_2,enc_avif,quality_auto/b6fcf4_7b49f2bb3a034196ba2b9cec47a62698_mv2.jpg]
[static.wixstatic.com/media/b6fcf4_e19c55bab1fe4355b0bfca60eae93979_mv2.jpg/v1/fill/w_147,h_193,al_c,q_80,usm_0.66_1.00_0.01,blur_2,enc_avif,quality_auto/b6fcf4_e19c55bab1fe4355b0bfca60eae93979_mv2.jpg]
[www.repixs.com/post/staying-connected-as-a-remote-team.html]
[www.repixs.com/profile/ad00939b-8268-42c8-a333-7c23fb395123/t.html]
[www.repixs.com/profile/ad00939b-8268-42c8-a333-7c23fb395123/o.html]
[www.repixs.com/profile/ad00939b-8268-42c8-a333-7c23fb395123/${s.html]
[www.repixs.com/profile/ad00939b-8268-42c8-a333-7c23fb395123/C,location.html]
[www.repixs.com/profile/ad00939b-8268-42c8-a333-7c23fb395123/window.location.html]
[www.repixs.com/profile/ad00939b-8268-42c8-a333-7c23fb395123/sitemap.xml]
[www.repixs.com/profile/ad00939b-8268-42c8-a333-7c23fb395123/feed.xml]
[www.repixs.com/profile/ad00939b-8268-42c8-a333-7c23fb395123/profile.html]
[www.repixs.com/profile/ad00939b-8268-42c8-a333-7c23fb395123/e.html]
[static.wixstatic.com/media/b6fcf4_2a033038a03b449b9c83e13a9f344e67_mv2.png/v1/fill/w_49,h_28,al_c,q_85,usm_0.66_1.00_0.01,blur_2,enc_avif,quality_auto/b6fcf4_2a033038a03b449b9c83e13a9f344e67_mv2.png]
[static.wixstatic.com/media/b6fcf4_f787fd6b04244e87bff889a35c29f399_mv2.jpg/v1/fill/w_147,h_190,al_c,q_80,usm_0.66_1.00_0.01,blur_2,enc_avif,quality_auto/b6fcf4_f787fd6b04244e87bff889a35c29f399_mv2.jpg]
[static.wixstatic.com/media/3a7434_1d4504892d83466e9461b927213c6467_mv2.jpg/v1/fill/w_141,h_75,al_c,q_80,usm_0.66_1.00_0.01,blur_2,enc_avif,quality_auto/3a7434_1d4504892d83466e9461b927213c6467_mv2.jpg]
[static.wixstatic.com/media/3a7434_5778293c1e4544f28249776db3721177_mv2.jpg/v1/fill/w_141,h_75,al_c,q_80,usm_0.66_1.00_0.01,blur_2,enc_avif,quality_auto/3a7434_5778293c1e4544f28249776db3721177_mv2.jpg]
[static.wixstatic.com/media/3a7434_f530da341ad44b80890ee2825fb95488_mv2.jpg/v1/fill/w_141,h_75,al_c,q_80,usm_0.66_1.00_0.01,blur_2,enc_avif,quality_auto/3a7434_f530da341ad44b80890ee2825fb95488_mv2.jpg]
[static.wixstatic.com/media/3a7434_eaaac7dd16a84d8d84bfe96965b5d7b6_mv2.jpg/v1/fill/w_141,h_43,al_c,q_80,usm_0.66_1.00_0.01,blur_2,enc_avif,quality_auto/3a7434_eaaac7dd16a84d8d84bfe96965b5d7b6_mv2.jpg]
[static.wixstatic.com/media/3a7434_97ce3f1bd801414fb7c56bac3845a426_mv2.jpg/v1/fill/w_133,h_56,al_c,q_80,usm_0.66_1.00_0.01,blur_2,enc_avif,quality_auto/3a7434_97ce3f1bd801414fb7c56bac3845a426_mv2.jpg]
[static.wixstatic.com/media/3a7434_e13939d44a1d47bc9ba27b3c614848ea_mv2.jpg/v1/fill/w_141,h_75,al_c,q_80,usm_0.66_1.00_0.01,blur_2,enc_avif,quality_auto/3a7434_e13939d44a1d47bc9ba27b3c614848ea_mv2.jpg]
[static.wixstatic.com/media/3a7434_69d56d16a5e24e0a935c08d3d6d6585c_mv2.jpg/v1/fill/w_141,h_47,al_c,q_80,usm_0.66_1.00_0.01,blur_2,enc_avif,quality_auto/3a7434_69d56d16a5e24e0a935c08d3d6d6585c_mv2.jpg]
[www.repixs.com/post/small-business-week-giveaway.html]
[static.wixstatic.com/media/3a7434_839ebbd836f14b08a7c100041af55a64_mv2.jpg/v1/fill/w_141,h_86,al_c,q_80,usm_0.66_1.00_0.01,blur_2,enc_avif,quality_auto/3a7434_839ebbd836f14b08a7c100041af55a64_mv2.jpg]
[static.wixstatic.com/media/3a7434_ac23f17879c0455baf4972430b6d3323_mv2_d_2/v1/fill/w_147,h_98,al_c,q_80,usm_0.66_1.00_0.01,blur_2,/3a7434_ac23f17879c0455baf4972430b6d3323_mv2_d_2048_1365_s_2.jpg]
[www.repixs.com/post/3-secrets-to-grow-your-real-estate-business-during-covid19.html]
[static.wixstatic.com/media/3a7434_db5dd38b0450438d8eff01388c0b5ecd_mv2.jpg/v1/fill/w_250,h_250,fp_0.50_0.50,q_30,blur_30/3a7434_db5dd38b0450438d8eff01388c0b5ecd_mv2.jpg]
[static.wixstatic.com/media/3a7434_db5dd38b0450438d8eff01388c0b5ecd_mv2.jpg/v1/fill/w_323,h_323,fp_0.50_0.50,q_90/3a7434_db5dd38b0450438d8eff01388c0b5ecd_mv2.jpg]
[static.wixstatic.com/media/3a7434_29cdb833a5b44d86bc81a365008059bc_mv2.jpg/v1/fill/w_251,h_250,fp_0.50_0.50,q_30,blur_30/3a7434_29cdb833a5b44d86bc81a365008059bc_mv2.jpg]
[static.wixstatic.com/media/3a7434_29cdb833a5b44d86bc81a365008059bc_mv2.jpg/v1/fill/w_324,h_323,fp_0.50_0.50,q_90/3a7434_29cdb833a5b44d86bc81a365008059bc_mv2.jpg]
[static.wixstatic.com/media/3a7434_5cb4a6c1c4224d75b15f47ed2a6d450a_mv2.jpg/v1/fill/w_250,h_250,fp_0.50_0.50,q_30,blur_30/3a7434_5cb4a6c1c4224d75b15f47ed2a6d450a_mv2.jpg]
[static.wixstatic.com/media/3a7434_5cb4a6c1c4224d75b15f47ed2a6d450a_mv2.jpg/v1/fill/w_323,h_323,fp_0.50_0.50,q_90/3a7434_5cb4a6c1c4224d75b15f47ed2a6d450a_mv2.jpg]
[static.wixstatic.com/media/3a7434_34ead24175f647ca9cdded2e1218682d_mv2.jpg/v1/fill/w_188,h_250,fp_0.50_0.50,q_30,blur_30/3a7434_34ead24175f647ca9cdded2e1218682d_mv2.jpg]
[static.wixstatic.com/media/3a7434_34ead24175f647ca9cdded2e1218682d_mv2.jpg/v1/fill/w_323,h_431,fp_0.50_0.50,q_90/3a7434_34ead24175f647ca9cdded2e1218682d_mv2.jpg]
[static.wixstatic.com/media/3a7434_f860096d0e1e4ed7acb85457e6f33048_mv2.jpg/v1/fill/w_188,h_250,fp_0.50_0.50,q_30,blur_30/3a7434_f860096d0e1e4ed7acb85457e6f33048_mv2.jpg]
[static.wixstatic.com/media/3a7434_f860096d0e1e4ed7acb85457e6f33048_mv2.jpg/v1/fill/w_324,h_431,fp_0.50_0.50,q_90/3a7434_f860096d0e1e4ed7acb85457e6f33048_mv2.jpg]
[static.wixstatic.com/media/3a7434_6aa38bb83a684749abea2fdc57211259_mv2.jpg/v1/fill/w_188,h_250,fp_0.50_0.50,q_30,blur_30/3a7434_6aa38bb83a684749abea2fdc57211259_mv2.jpg]
[static.wixstatic.com/media/3a7434_6aa38bb83a684749abea2fdc57211259_mv2.jpg/v1/fill/w_323,h_431,fp_0.50_0.50,q_90/3a7434_6aa38bb83a684749abea2fdc57211259_mv2.jpg]
[static.wixstatic.com/media/3a7434_869b5f5648a542819a95f7b6d0f0cd9a_mv2.jpg/v1/fill/w_188,h_250,fp_0.50_0.50,q_30,blur_30/3a7434_869b5f5648a542819a95f7b6d0f0cd9a_mv2.jpg]
[static.wixstatic.com/media/3a7434_869b5f5648a542819a95f7b6d0f0cd9a_mv2.jpg/v1/fill/w_323,h_431,fp_0.50_0.50,q_90/3a7434_869b5f5648a542819a95f7b6d0f0cd9a_mv2.jpg]
[static.wixstatic.com/media/3a7434_86b1467473794c01888a667ad4ad46db_mv2.jpg/v1/fill/w_188,h_250,fp_0.50_0.50,q_30,blur_30/3a7434_86b1467473794c01888a667ad4ad46db_mv2.jpg]
[static.wixstatic.com/media/3a7434_86b1467473794c01888a667ad4ad46db_mv2.jpg/v1/fill/w_324,h_431,fp_0.50_0.50,q_90/3a7434_86b1467473794c01888a667ad4ad46db_mv2.jpg]
[static.wixstatic.com/media/3a7434_511186258e144ad0a825b2ab946529a8_mv2.jpg/v1/fill/w_188,h_250,fp_0.50_0.50,q_30,blur_30/3a7434_511186258e144ad0a825b2ab946529a8_mv2.jpg]
[static.wixstatic.com/media/3a7434_511186258e144ad0a825b2ab946529a8_mv2.jpg/v1/fill/w_323,h_431,fp_0.50_0.50,q_90/3a7434_511186258e144ad0a825b2ab946529a8_mv2.jpg]
[static.wixstatic.com/media/3a7434_0f4e704110694c1f9c9b0574fe63f5cb_mv2.jpg/v1/fill/w_147,h_147,al_c,q_80,usm_0.66_1.00_0.01,blur_2,enc_avif,quality_auto/3a7434_0f4e704110694c1f9c9b0574fe63f5cb_mv2.jpg]
[www.repixs.com/post/we-are-different-here-s-how.html]
[static.wixstatic.com/media/b6fcf4_7752830239ba4036a40dc96da5624eb2_mv2.jpg/v1/fill/w_250,h_250,fp_0.50_0.50,q_30,blur_30/b6fcf4_7752830239ba4036a40dc96da5624eb2_mv2.jpg]
[static.wixstatic.com/media/b6fcf4_7752830239ba4036a40dc96da5624eb2_mv2.jpg/v1/fill/w_313,h_313,fp_0.50_0.50,q_90/b6fcf4_7752830239ba4036a40dc96da5624eb2_mv2.jpg]
[static.wixstatic.com/media/b6fcf4_244998ef0c6240ba92d6ab3fd03279bd_mv2.jpg/v1/fill/w_251,h_250,fp_0.50_0.50,q_30,blur_30/b6fcf4_244998ef0c6240ba92d6ab3fd03279bd_mv2.jpg]
[static.wixstatic.com/media/b6fcf4_244998ef0c6240ba92d6ab3fd03279bd_mv2.jpg/v1/fill/w_314,h_313,fp_0.50_0.50,q_90/b6fcf4_244998ef0c6240ba92d6ab3fd03279bd_mv2.jpg]
[static.wixstatic.com/media/b6fcf4_2e586460f5714c52a8b65ba6fb5914ae_mv2.jpg/v1/fill/w_250,h_250,fp_0.50_0.50,q_30,blur_30/b6fcf4_2e586460f5714c52a8b65ba6fb5914ae_mv2.jpg]
[static.wixstatic.com/media/b6fcf4_2e586460f5714c52a8b65ba6fb5914ae_mv2.jpg/v1/fill/w_313,h_313,fp_0.50_0.50,q_90/b6fcf4_2e586460f5714c52a8b65ba6fb5914ae_mv2.jpg]
[static.wixstatic.com/media/b6fcf4_400d32afd63248e7928c8607048275f8_mv2.jpg/v1/fill/w_145,h_112,al_c,q_80,usm_0.66_1.00_0.01,blur_2,enc_avif,quality_auto/b6fcf4_400d32afd63248e7928c8607048275f8_mv2.jpg]
[static.wixstatic.com/media/b6fcf4_74c742682c294830b1790c935c543785_mv2.jpg/v1/fill/w_250,h_250,fp_0.50_0.50,q_30,blur_30/b6fcf4_74c742682c294830b1790c935c543785_mv2.jpg]
[static.wixstatic.com/media/b6fcf4_74c742682c294830b1790c935c543785_mv2.jpg/v1/fill/w_313,h_313,fp_0.50_0.50,q_90/b6fcf4_74c742682c294830b1790c935c543785_mv2.jpg]
[static.wixstatic.com/media/b6fcf4_8c25bf6e8b2947a9bf8d1368e824169b_mv2.jpg/v1/fill/w_251,h_250,fp_0.50_0.50,q_30,blur_30/b6fcf4_8c25bf6e8b2947a9bf8d1368e824169b_mv2.jpg]
[static.wixstatic.com/media/b6fcf4_8c25bf6e8b2947a9bf8d1368e824169b_mv2.jpg/v1/fill/w_314,h_313,fp_0.50_0.50,q_90/b6fcf4_8c25bf6e8b2947a9bf8d1368e824169b_mv2.jpg]
[static.wixstatic.com/media/b6fcf4_7c88d1d36024410e97c0eb3257255d5f_mv2.jpg/v1/fill/w_250,h_250,fp_0.50_0.50,q_30,blur_30/b6fcf4_7c88d1d36024410e97c0eb3257255d5f_mv2.jpg]
[static.wixstatic.com/media/b6fcf4_7c88d1d36024410e97c0eb3257255d5f_mv2.jpg/v1/fill/w_313,h_313,fp_0.50_0.50,q_90/b6fcf4_7c88d1d36024410e97c0eb3257255d5f_mv2.jpg]
[static.wixstatic.com/media/b6fcf4_08127bc21b4c497fad63139498b3bd55_mv2.jpg/v1/fill/w_250,h_250,fp_0.50_0.50,q_30,blur_30/b6fcf4_08127bc21b4c497fad63139498b3bd55_mv2.jpg]
[static.wixstatic.com/media/b6fcf4_08127bc21b4c497fad63139498b3bd55_mv2.jpg/v1/fill/w_313,h_313,fp_0.50_0.50,q_90/b6fcf4_08127bc21b4c497fad63139498b3bd55_mv2.jpg]
[static.wixstatic.com/media/b6fcf4_04b78a38c1e743119a9b4a387688f991_mv2.png/v1/fill/w_251,h_250,fp_0.50_0.50,blur_30/b6fcf4_04b78a38c1e743119a9b4a387688f991_mv2.png]
[static.wixstatic.com/media/b6fcf4_04b78a38c1e743119a9b4a387688f991_mv2.png/v1/fill/w_314,h_313,fp_0.50_0.50/b6fcf4_04b78a38c1e743119a9b4a387688f991_mv2.png]
[static.wixstatic.com/media/b6fcf4_2fa615a4fb26405fa6a2cf03ffbe1376_mv2.jpg/v1/fill/w_250,h_250,fp_0.50_0.50,q_30,blur_30/b6fcf4_2fa615a4fb26405fa6a2cf03ffbe1376_mv2.jpg]
[static.wixstatic.com/media/b6fcf4_2fa615a4fb26405fa6a2cf03ffbe1376_mv2.jpg/v1/fill/w_313,h_313,fp_0.50_0.50,q_90/b6fcf4_2fa615a4fb26405fa6a2cf03ffbe1376_mv2.jpg]
[www.repixs.com/post/5-ways-to-stay-connected-as-a-remote-team.html]
[static.wixstatic.com/media/b6fcf4_ad7d4708ac044b1ab36c921b1c4ffe27_mv2.png/v1/fill/w_49,h_49,al_c,q_85,usm_0.66_1.00_0.01,blur_2,enc_avif,quality_auto/b6fcf4_ad7d4708ac044b1ab36c921b1c4ffe27_mv2.png]
[static.wixstatic.com/media/73c818d494564f33883b5a2ffa08fb46.jpg/v1/fill/w_147,h_83,al_c,q_80,usm_0.66_1.00_0.01,blur_2,enc_avif,quality_auto/73c818d494564f33883b5a2ffa08fb46.jpg]
[static.wixstatic.com/media/431e299cfbd0452fa6fc71573f7bcedc.jpg/v1/fill/w_147,h_106,al_c,q_80,usm_0.66_1.00_0.01,blur_2,enc_avif,quality_auto/431e299cfbd0452fa6fc71573f7bcedc.jpg]
[static.wixstatic.com/media/3a7434_c1eebd8b37a74aefa5b8a7f0e5371aa3_mv2.png/v1/fill/w_80,h_53,al_c,q_85,usm_0.66_1.00_0.01,blur_2,enc_avif,quality_auto/3a7434_c1eebd8b37a74aefa5b8a7f0e5371aa3_mv2.png]
[www.repixs.com/post/getting-reviews-for-your-business-realtor-edition.html]
[static.parastorage.com/services/communities-blog-ooi/1.3195.0/client-viewer/9981.chunk.min.js]
[static.parastorage.com/services/communities-blog-ooi/1.3195.0/client-viewer/243.chunk.min.js]
[static.parastorage.com/services/communities-blog-ooi/1.3195.0/client-viewer/7426.chunk.min.js]
[static.parastorage.com/services/communities-blog-ooi/1.3195.0/client-viewer/8887.chunk.min.js]
[static.parastorage.com/services/communities-blog-ooi/1.3195.0/client-viewer/7246.chunk.min.js]
[static.parastorage.com/services/communities-blog-ooi/1.3195.0/client-viewer/4647.chunk.min.js]
[static.parastorage.com/services/communities-blog-ooi/1.3195.0/client-viewer/1406.chunk.min.js]
[static.parastorage.com/services/communities-blog-ooi/1.3195.0/client-viewer/730.chunk.min.js]
[static.parastorage.com/services/communities-blog-ooi/1.3195.0/client-viewer/rich-content-viewer.chunk.min.js]
[static.parastorage.com/services/communities-blog-ooi/1.3195.0/client-viewer/5250.chunk.min.js]
[static.parastorage.com/services/communities-blog-ooi/1.3195.0/client-viewer/ricos_plugin_image.chunk.min.js]
[static.parastorage.com/services/communities-blog-ooi/1.3195.0/client-viewer/ricos_plugin_html.chunk.min.js]
[static.parastorage.com/services/communities-blog-ooi/1.3195.0/client-viewer/8741.chunk.min.js]
[static.parastorage.com/services/communities-blog-ooi/1.3195.0/client-viewer/3931.chunk.min.js]
[static.parastorage.com/services/communities-blog-ooi/1.3195.0/client-viewer/7902.chunk.min.js]
[static.parastorage.com/services/communities-blog-ooi/1.3195.0/client-viewer/7180.chunk.min.js]
[static.parastorage.com/services/communities-blog-ooi/1.3195.0/client-viewer/ricos_plugin_gallery.chunk.min.js]
[static.parastorage.com/services/communities-blog-ooi/1.3195.0/client-viewer/2286.chunk.min.js]
[static.parastorage.com/services/communities-blog-ooi/1.3195.0/client-viewer/881.chunk.min.js]
[static.parastorage.com/services/communities-blog-ooi/1.3195.0/client-viewer/7002.chunk.min.js]
[static.parastorage.com/services/communities-blog-ooi/1.3195.0/client-viewer/9570.chunk.min.js]
[static.parastorage.com/services/communities-blog-ooi/1.3195.0/client-viewer/post-page-wix-comments.chunk.min.js]
[static.wixstatic.com/media/b6fcf4_45906c72a0a1485ebaee703e74d20503_mv2.jpg/v1/fill/w_147,h_98,al_c,q_80,usm_0.66_1.00_0.01,blur_2,enc_avif,quality_auto/b6fcf4_45906c72a0a1485ebaee703e74d20503_mv2.jpg]
[static.wixstatic.com/media/b6fcf4_7cb28eaa83104a6d8e388ea0a83c087b_mv2.jpg/v1/fill/w_250,h_250,fp_0.50_0.50,q_30,blur_30/b6fcf4_7cb28eaa83104a6d8e388ea0a83c087b_mv2.jpg]
[static.wixstatic.com/media/b6fcf4_7cb28eaa83104a6d8e388ea0a83c087b_mv2.jpg/v1/fill/w_313,h_313,fp_0.50_0.50,q_90/b6fcf4_7cb28eaa83104a6d8e388ea0a83c087b_mv2.jpg]
[static.wixstatic.com/media/b6fcf4_15e0ebfdee714f4192274c7029697dff_mv2.jpg/v1/fill/w_251,h_250,fp_0.50_0.50,q_30,blur_30/b6fcf4_15e0ebfdee714f4192274c7029697dff_mv2.jpg]
[static.wixstatic.com/media/b6fcf4_15e0ebfdee714f4192274c7029697dff_mv2.jpg/v1/fill/w_314,h_313,fp_0.50_0.50,q_90/b6fcf4_15e0ebfdee714f4192274c7029697dff_mv2.jpg]
[static.wixstatic.com/media/b6fcf4_98da0bceaa864c35b4f75415c9eda702_mv2.jpg/v1/fill/w_250,h_250,fp_0.50_0.50,q_30,blur_30/b6fcf4_98da0bceaa864c35b4f75415c9eda702_mv2.jpg]
[static.wixstatic.com/media/b6fcf4_98da0bceaa864c35b4f75415c9eda702_mv2.jpg/v1/fill/w_313,h_313,fp_0.50_0.50,q_90/b6fcf4_98da0bceaa864c35b4f75415c9eda702_mv2.jpg]
[static.wixstatic.com/media/b6fcf4_b96ba0ceb05a45dd93f47fee364ba032_mv2.jpg/v1/fill/w_250,h_250,fp_0.50_0.50,q_30,blur_30/b6fcf4_b96ba0ceb05a45dd93f47fee364ba032_mv2.jpg]
[static.wixstatic.com/media/b6fcf4_b96ba0ceb05a45dd93f47fee364ba032_mv2.jpg/v1/fill/w_313,h_313,fp_0.50_0.50,q_90/b6fcf4_b96ba0ceb05a45dd93f47fee364ba032_mv2.jpg]
[static.wixstatic.com/media/b6fcf4_b66c1dad44fc478aad1b8910db417afd_mv2.jpg/v1/fill/w_251,h_250,fp_0.50_0.50,q_30,blur_30/b6fcf4_b66c1dad44fc478aad1b8910db417afd_mv2.jpg]
[static.wixstatic.com/media/b6fcf4_b66c1dad44fc478aad1b8910db417afd_mv2.jpg/v1/fill/w_314,h_313,fp_0.50_0.50,q_90/b6fcf4_b66c1dad44fc478aad1b8910db417afd_mv2.jpg]
[static.wixstatic.com/media/b6fcf4_67111f2b685b4972b9723b1ec8ab08c7_mv2.jpg/v1/fill/w_250,h_250,fp_0.50_0.50,q_30,blur_30/b6fcf4_67111f2b685b4972b9723b1ec8ab08c7_mv2.jpg]
[static.wixstatic.com/media/b6fcf4_67111f2b685b4972b9723b1ec8ab08c7_mv2.jpg/v1/fill/w_313,h_313,fp_0.50_0.50,q_90/b6fcf4_67111f2b685b4972b9723b1ec8ab08c7_mv2.jpg]
[static.wixstatic.com/media/b6fcf4_2bec18d8f3e94e5b9fd958de5086f61a_mv2.jpg/v1/fill/w_147,h_98,al_c,q_80,usm_0.66_1.00_0.01,blur_2,enc_avif,quality_auto/b6fcf4_2bec18d8f3e94e5b9fd958de5086f61a_mv2.jpg]
[www.repixs.com/post/look-inside-ashley-s-life.html]
[static.parastorage.com/services/communities-blog-ooi/1.3195.0/PostViewerWidget.bundle.min.js]
[static.wixstatic.com/media/3a7434_22b5402d77f5406fb2b32de5c1a51653_mv2.jpg/v1/fill/w_147,h_98,al_c,q_80,usm_0.66_1.00_0.01,blur_2,enc_avif,quality_auto/3a7434_22b5402d77f5406fb2b32de5c1a51653_mv2.jpg]
[static.wixstatic.com/media/3a7434_a927a59c71cf466296b6e2341145dbcb_mv2.jpg/v1/fill/w_334,h_250,al_c,q_30,blur_30/3a7434_a927a59c71cf466296b6e2341145dbcb_mv2.jpg]
[static.wixstatic.com/media/3a7434_a927a59c71cf466296b6e2341145dbcb_mv2.jpg/v1/fill/w_168,h_125,fp_0.50_0.50,q_90/3a7434_a927a59c71cf466296b6e2341145dbcb_mv2.jpg]
[static.wixstatic.com/media/3a7434_fb4d96d3da0043c299ca5a55b5c800ff_mv2.jpg/v1/fill/w_250,h_250,al_c,q_30,blur_30/3a7434_fb4d96d3da0043c299ca5a55b5c800ff_mv2.jpg]
[static.wixstatic.com/media/3a7434_fb4d96d3da0043c299ca5a55b5c800ff_mv2.jpg/v1/fill/w_125,h_125,fp_0.50_0.50,q_90/3a7434_fb4d96d3da0043c299ca5a55b5c800ff_mv2.jpg]
[static.wixstatic.com/media/3a7434_3912e41c5faa4d11abd1e19ac02ee7ee_mv2.jpg/v1/fill/w_250,h_250,al_c,q_30,blur_30/3a7434_3912e41c5faa4d11abd1e19ac02ee7ee_mv2.jpg]
[static.wixstatic.com/media/3a7434_3912e41c5faa4d11abd1e19ac02ee7ee_mv2.jpg/v1/fill/w_168,h_168,fp_0.50_0.50,q_90/3a7434_3912e41c5faa4d11abd1e19ac02ee7ee_mv2.jpg]
[static.wixstatic.com/media/3a7434_6722b97a545b473c93c9d57a624e1e01_mv2.jpg/v1/fill/w_188,h_250,al_c,q_30,blur_30/3a7434_6722b97a545b473c93c9d57a624e1e01_mv2.jpg]
[static.wixstatic.com/media/3a7434_6722b97a545b473c93c9d57a624e1e01_mv2.jpg/v1/fill/w_126,h_168,fp_0.50_0.50,q_90/3a7434_6722b97a545b473c93c9d57a624e1e01_mv2.jpg]
[static.wixstatic.com/media/3a7434_fd6e16ba7fba47acacbb3faf8728f0ad_mv2.jpg/v1/fill/w_188,h_250,al_c,q_30,blur_30/3a7434_fd6e16ba7fba47acacbb3faf8728f0ad_mv2.jpg]
[static.wixstatic.com/media/3a7434_fd6e16ba7fba47acacbb3faf8728f0ad_mv2.jpg/v1/fill/w_124,h_165,fp_0.50_0.50,q_90/3a7434_fd6e16ba7fba47acacbb3faf8728f0ad_mv2.jpg]
[static.wixstatic.com/media/3a7434_f99112dfa42c4cc38eaf27a01a847746_mv2.jpg/v1/fill/w_256,h_250,al_c,q_30,blur_30/3a7434_f99112dfa42c4cc38eaf27a01a847746_mv2.jpg]
[static.wixstatic.com/media/3a7434_f99112dfa42c4cc38eaf27a01a847746_mv2.jpg/v1/fill/w_169,h_165,fp_0.50_0.50,q_90/3a7434_f99112dfa42c4cc38eaf27a01a847746_mv2.jpg]
[static.wixstatic.com/media/3a7434_00dbfb6286c141f3a68222e2563779ef_mv2.png/v1/fill/w_288,h_250,al_c,blur_30/3a7434_00dbfb6286c141f3a68222e2563779ef_mv2.png]
[static.wixstatic.com/media/3a7434_00dbfb6286c141f3a68222e2563779ef_mv2.png/v1/fill/w_313,h_271,fp_0.50_0.50/3a7434_00dbfb6286c141f3a68222e2563779ef_mv2.png]
[static.wixstatic.com/media/3a7434_15e30bb9a25e4fc18efe49eca4bdfb76_mv2.jpg/v1/fill/w_250,h_250,al_c,q_30,blur_30/3a7434_15e30bb9a25e4fc18efe49eca4bdfb76_mv2.jpg]
[static.wixstatic.com/media/3a7434_15e30bb9a25e4fc18efe49eca4bdfb76_mv2.jpg/v1/fill/w_313,h_313,fp_0.50_0.50,q_90/3a7434_15e30bb9a25e4fc18efe49eca4bdfb76_mv2.jpg]
[static.wixstatic.com/media/3a7434_9a622857a715488f93719ffa3c2e3f5f_mv2.jpg/v1/fill/w_250,h_250,fp_0.50_0.50,q_30,blur_30/3a7434_9a622857a715488f93719ffa3c2e3f5f_mv2.jpg]
[static.wixstatic.com/media/3a7434_9a622857a715488f93719ffa3c2e3f5f_mv2.jpg/v1/fill/w_313,h_313,fp_0.50_0.50,q_90/3a7434_9a622857a715488f93719ffa3c2e3f5f_mv2.jpg]
[static.wixstatic.com/media/3a7434_e97a470aa8d64fc980791ac64b9a5d2c_mv2.jpg/v1/fill/w_251,h_250,fp_0.50_0.50,q_30,blur_30/3a7434_e97a470aa8d64fc980791ac64b9a5d2c_mv2.jpg]
[static.wixstatic.com/media/3a7434_e97a470aa8d64fc980791ac64b9a5d2c_mv2.jpg/v1/fill/w_314,h_313,fp_0.50_0.50,q_90/3a7434_e97a470aa8d64fc980791ac64b9a5d2c_mv2.jpg]
[static.wixstatic.com/media/3a7434_1144627673b446d59f0f2ec1630548ed_mv2.jpg/v1/fill/w_250,h_250,fp_0.50_0.50,q_30,blur_30/3a7434_1144627673b446d59f0f2ec1630548ed_mv2.jpg]
[static.wixstatic.com/media/3a7434_1144627673b446d59f0f2ec1630548ed_mv2.jpg/v1/fill/w_313,h_313,fp_0.50_0.50,q_90/3a7434_1144627673b446d59f0f2ec1630548ed_mv2.jpg]
[static.wixstatic.com/media/3a7434_a666dbab022949a3a900697364922e91_mv2.jpg/v1/fill/w_250,h_250,fp_0.50_0.50,q_30,blur_30/3a7434_a666dbab022949a3a900697364922e91_mv2.jpg]
[static.wixstatic.com/media/3a7434_a666dbab022949a3a900697364922e91_mv2.jpg/v1/fill/w_313,h_313,fp_0.50_0.50,q_90/3a7434_a666dbab022949a3a900697364922e91_mv2.jpg]
[static.wixstatic.com/media/3a7434_f4002f4cc3714a49952c9141cbd8c886_mv2.jpg/v1/fill/w_251,h_250,fp_0.50_0.50,q_30,blur_30/3a7434_f4002f4cc3714a49952c9141cbd8c886_mv2.jpg]
[static.wixstatic.com/media/3a7434_f4002f4cc3714a49952c9141cbd8c886_mv2.jpg/v1/fill/w_314,h_313,fp_0.50_0.50,q_90/3a7434_f4002f4cc3714a49952c9141cbd8c886_mv2.jpg]
[static.wixstatic.com/media/3a7434_e21b33f935104d61854363aed1ce036d_mv2.jpg/v1/fill/w_250,h_250,fp_0.50_0.50,q_30,blur_30/3a7434_e21b33f935104d61854363aed1ce036d_mv2.jpg]
[static.wixstatic.com/media/3a7434_e21b33f935104d61854363aed1ce036d_mv2.jpg/v1/fill/w_313,h_313,fp_0.50_0.50,q_90/3a7434_e21b33f935104d61854363aed1ce036d_mv2.jpg]
[static.wixstatic.com/media/3a7434_ccc2067a1abc485f9166e1896e4ea395_mv2.jpg/v1/fill/w_155,h_250,al_c,q_30,blur_30/3a7434_ccc2067a1abc485f9166e1896e4ea395_mv2.jpg]
[static.wixstatic.com/media/3a7434_ccc2067a1abc485f9166e1896e4ea395_mv2.jpg/v1/fill/w_188,h_304,fp_0.50_0.50,q_90/3a7434_ccc2067a1abc485f9166e1896e4ea395_mv2.jpg]
[static.wixstatic.com/media/3a7434_89b42ba1706a4b5389424a18e5595d07_mv2.jpg/v1/fill/w_356,h_250,al_c,q_30,blur_30/3a7434_89b42ba1706a4b5389424a18e5595d07_mv2.jpg]
[static.wixstatic.com/media/3a7434_89b42ba1706a4b5389424a18e5595d07_mv2.jpg/v1/fill/w_432,h_304,fp_0.50_0.50,q_90/3a7434_89b42ba1706a4b5389424a18e5595d07_mv2.jpg]
[static.wixstatic.com/media/3a7434_b1585f55a6e54c978f98060ebf1ff081_mv2.jpg/v1/fill/w_263,h_250,al_c,q_30,blur_30/3a7434_b1585f55a6e54c978f98060ebf1ff081_mv2.jpg]
[static.wixstatic.com/media/3a7434_b1585f55a6e54c978f98060ebf1ff081_mv2.jpg/v1/fill/w_321,h_304,fp_0.50_0.50,q_90/3a7434_b1585f55a6e54c978f98060ebf1ff081_mv2.jpg]
[static.wixstatic.com/media/3a7434_eacb22ae7c5b4e9faeddc98b54d8d14b_mv2.jpg/v1/fill/w_250,h_250,al_c,q_30,blur_30/3a7434_eacb22ae7c5b4e9faeddc98b54d8d14b_mv2.jpg]
[static.wixstatic.com/media/3a7434_eacb22ae7c5b4e9faeddc98b54d8d14b_mv2.jpg/v1/fill/w_300,h_300,fp_0.50_0.50,q_90/3a7434_eacb22ae7c5b4e9faeddc98b54d8d14b_mv2.jpg]
[www.repixs.com/post/meet-sam.html]
[static.wixstatic.com/media/3a7434_b4a9121565b3413a822bfe677ecd5d85_mv2.png/v1/fill/w_49,h_22,al_c,q_85,usm_0.66_1.00_0.01,blur_2,enc_avif,quality_auto/3a7434_b4a9121565b3413a822bfe677ecd5d85_mv2.png]
[static.wixstatic.com/media/3a7434_62647646983e472c839b803e744e2cc2_mv2.png/v1/fill/w_73,h_9,al_c,q_85,usm_0.66_1.00_0.01,blur_2,enc_avif,quality_auto/3a7434_62647646983e472c839b803e744e2cc2_mv2.png]
[www.repixs.com/post/3d-tours.html]
[static.wixstatic.com/media/3a7434_8718f3b456ed4c919c118ef8f3dfc9cd_mv2.png/v1/fill/w_49,h_6,al_c,q_85,usm_0.66_1.00_0.01,blur_2,enc_avif,quality_auto/3a7434_8718f3b456ed4c919c118ef8f3dfc9cd_mv2.png]
[www.repixs.com/post/8-matterport-secrets.html]
[static.parastorage.com/services/communities-blog-ooi/1.3189.0/client-viewer/9981.chunk.min.js]
[static.parastorage.com/services/communities-blog-ooi/1.3189.0/client-viewer/243.chunk.min.js]
[static.parastorage.com/services/communities-blog-ooi/1.3189.0/client-viewer/7426.chunk.min.js]
[static.parastorage.com/services/communities-blog-ooi/1.3189.0/client-viewer/8887.chunk.min.js]
[static.parastorage.com/services/communities-blog-ooi/1.3189.0/client-viewer/7246.chunk.min.js]
[static.parastorage.com/services/communities-blog-ooi/1.3189.0/client-viewer/4647.chunk.min.js]
[static.parastorage.com/services/communities-blog-ooi/1.3189.0/client-viewer/1406.chunk.min.js]
[static.parastorage.com/services/communities-blog-ooi/1.3189.0/client-viewer/730.chunk.min.js]
[static.parastorage.com/services/communities-blog-ooi/1.3189.0/client-viewer/rich-content-viewer.chunk.min.js]
[static.parastorage.com/services/communities-blog-ooi/1.3189.0/client-viewer/8741.chunk.min.js]
[static.parastorage.com/services/communities-blog-ooi/1.3189.0/client-viewer/3931.chunk.min.js]
[static.parastorage.com/services/communities-blog-ooi/1.3189.0/client-viewer/7902.chunk.min.js]
[static.parastorage.com/services/communities-blog-ooi/1.3189.0/client-viewer/7180.chunk.min.js]
[static.parastorage.com/services/communities-blog-ooi/1.3189.0/client-viewer/ricos_plugin_gallery.chunk.min.js]
[static.parastorage.com/services/communities-blog-ooi/1.3189.0/client-viewer/5250.chunk.min.js]
[static.parastorage.com/services/communities-blog-ooi/1.3189.0/client-viewer/ricos_plugin_image.chunk.min.js]
[static.parastorage.com/services/communities-blog-ooi/1.3189.0/client-viewer/2286.chunk.min.js]
[static.parastorage.com/services/communities-blog-ooi/1.3189.0/client-viewer/881.chunk.min.js]
[static.parastorage.com/services/communities-blog-ooi/1.3189.0/client-viewer/7002.chunk.min.js]
[static.parastorage.com/services/communities-blog-ooi/1.3189.0/client-viewer/9570.chunk.min.js]
[static.parastorage.com/services/communities-blog-ooi/1.3189.0/client-viewer/post-page-wix-comments.chunk.min.js]
[static.wixstatic.com/media/3a7434_57c0d63d6cfb4058862e0ea65b082a7c_mv2.jpg/v1/fill/w_120,h_120,fp_0.50_0.50,q_70/3a7434_57c0d63d6cfb4058862e0ea65b082a7c_mv2.jpg]
[static.wixstatic.com/media/3a7434_c7a9ee74672e4b92b37f16977ebd4fb5_mv2.jpg/v1/fill/w_120,h_120,fp_0.50_0.50,q_70/3a7434_c7a9ee74672e4b92b37f16977ebd4fb5_mv2.jpg]
[static.wixstatic.com/media/3a7434_fe726bf89b28447badc37e1a60f1b145_mv2.jpg/v1/fill/w_120,h_120,fp_0.50_0.50,q_70/3a7434_fe726bf89b28447badc37e1a60f1b145_mv2.jpg]
[static.wixstatic.com/media/3a7434_fa2fed163263419e8cb5fbb521ddec6e_mv2.jpg/v1/fill/w_120,h_120,fp_0.50_0.50,q_70/3a7434_fa2fed163263419e8cb5fbb521ddec6e_mv2.jpg]
[static.wixstatic.com/media/3a7434_3d5e24e17cd5435ca86925a65ef7e587_mv2.jpg/v1/fill/w_120,h_120,fp_0.50_0.50,q_70/3a7434_3d5e24e17cd5435ca86925a65ef7e587_mv2.jpg]
[static.wixstatic.com/media/3a7434_85b3cf2eb2034d7aa340bb283e306bbe_mv2.jpg/v1/fill/w_120,h_120,fp_0.50_0.50,q_70/3a7434_85b3cf2eb2034d7aa340bb283e306bbe_mv2.jpg]
[static.wixstatic.com/media/3a7434_7365f4c92ba44209bc33b2c824f3cb5b_mv2.jpg/v1/fill/w_120,h_120,fp_0.50_0.50,q_70/3a7434_7365f4c92ba44209bc33b2c824f3cb5b_mv2.jpg]
[static.wixstatic.com/media/3a7434_efd49114fa7943d58d5ec8bba161af7b_mv2.jpg/v1/fill/w_120,h_120,fp_0.50_0.50,q_70/3a7434_efd49114fa7943d58d5ec8bba161af7b_mv2.jpg]
[static.wixstatic.com/media/3a7434_4d4fc038f14d46b7a9d32a43e6f6703c_mv2.jpg/v1/fill/w_120,h_120,fp_0.50_0.50,q_70/3a7434_4d4fc038f14d46b7a9d32a43e6f6703c_mv2.jpg]
[static.wixstatic.com/media/3a7434_57c0d63d6cfb4058862e0ea65b082a7c_mv2.jpg/v1/fill/w_645,h_250,fp_0.50_0.50,q_30,blur_30/3a7434_57c0d63d6cfb4058862e0ea65b082a7c_mv2.jpg]
[static.wixstatic.com/media/3a7434_57c0d63d6cfb4058862e0ea65b082a7c_mv2.jpg/v1/fill/w_980,h_380,fp_0.50_0.50,q_90/3a7434_57c0d63d6cfb4058862e0ea65b082a7c_mv2.jpg]
[static.wixstatic.com/media/3a7434_c7a9ee74672e4b92b37f16977ebd4fb5_mv2.jpg/v1/fill/w_645,h_250,fp_0.50_0.50,q_30,blur_30/3a7434_c7a9ee74672e4b92b37f16977ebd4fb5_mv2.jpg]
[static.wixstatic.com/media/3a7434_c7a9ee74672e4b92b37f16977ebd4fb5_mv2.jpg/v1/fill/w_980,h_380,fp_0.50_0.50,q_90/3a7434_c7a9ee74672e4b92b37f16977ebd4fb5_mv2.jpg]
[static.wixstatic.com/media/3a7434_fe726bf89b28447badc37e1a60f1b145_mv2.jpg/v1/fill/w_645,h_250,fp_0.50_0.50,q_30,blur_30/3a7434_fe726bf89b28447badc37e1a60f1b145_mv2.jpg]
[static.wixstatic.com/media/3a7434_fe726bf89b28447badc37e1a60f1b145_mv2.jpg/v1/fill/w_980,h_380,fp_0.50_0.50,q_90/3a7434_fe726bf89b28447badc37e1a60f1b145_mv2.jpg]
[static.wixstatic.com/media/3a7434_fa2fed163263419e8cb5fbb521ddec6e_mv2.jpg/v1/fill/w_645,h_250,fp_0.50_0.50,q_30,blur_30/3a7434_fa2fed163263419e8cb5fbb521ddec6e_mv2.jpg]
[static.wixstatic.com/media/3a7434_fa2fed163263419e8cb5fbb521ddec6e_mv2.jpg/v1/fill/w_980,h_380,fp_0.50_0.50,q_90/3a7434_fa2fed163263419e8cb5fbb521ddec6e_mv2.jpg]
[static.wixstatic.com/media/3a7434_3d5e24e17cd5435ca86925a65ef7e587_mv2.jpg/v1/fill/w_645,h_250,fp_0.50_0.50,q_30,blur_30/3a7434_3d5e24e17cd5435ca86925a65ef7e587_mv2.jpg]
[static.wixstatic.com/media/3a7434_3d5e24e17cd5435ca86925a65ef7e587_mv2.jpg/v1/fill/w_980,h_380,fp_0.50_0.50,q_90/3a7434_3d5e24e17cd5435ca86925a65ef7e587_mv2.jpg]
[static.wixstatic.com/media/3a7434_85b3cf2eb2034d7aa340bb283e306bbe_mv2.jpg/v1/fill/w_645,h_250,fp_0.50_0.50,q_30,blur_30/3a7434_85b3cf2eb2034d7aa340bb283e306bbe_mv2.jpg]
[static.wixstatic.com/media/3a7434_85b3cf2eb2034d7aa340bb283e306bbe_mv2.jpg/v1/fill/w_980,h_380,fp_0.50_0.50,q_90/3a7434_85b3cf2eb2034d7aa340bb283e306bbe_mv2.jpg]
[static.wixstatic.com/media/3a7434_7365f4c92ba44209bc33b2c824f3cb5b_mv2.jpg/v1/fill/w_645,h_250,fp_0.50_0.50,q_30,blur_30/3a7434_7365f4c92ba44209bc33b2c824f3cb5b_mv2.jpg]
[static.wixstatic.com/media/3a7434_7365f4c92ba44209bc33b2c824f3cb5b_mv2.jpg/v1/fill/w_980,h_380,fp_0.50_0.50,q_90/3a7434_7365f4c92ba44209bc33b2c824f3cb5b_mv2.jpg]
[static.wixstatic.com/media/3a7434_efd49114fa7943d58d5ec8bba161af7b_mv2.jpg/v1/fill/w_645,h_250,fp_0.50_0.50,q_30,blur_30/3a7434_efd49114fa7943d58d5ec8bba161af7b_mv2.jpg]
[static.wixstatic.com/media/3a7434_efd49114fa7943d58d5ec8bba161af7b_mv2.jpg/v1/fill/w_980,h_380,fp_0.50_0.50,q_90/3a7434_efd49114fa7943d58d5ec8bba161af7b_mv2.jpg]
[static.wixstatic.com/media/3a7434_4d4fc038f14d46b7a9d32a43e6f6703c_mv2.jpg/v1/fill/w_645,h_250,fp_0.50_0.50,q_30,blur_30/3a7434_4d4fc038f14d46b7a9d32a43e6f6703c_mv2.jpg]
[static.wixstatic.com/media/3a7434_4d4fc038f14d46b7a9d32a43e6f6703c_mv2.jpg/v1/fill/w_980,h_380,fp_0.50_0.50,q_90/3a7434_4d4fc038f14d46b7a9d32a43e6f6703c_mv2.jpg]
[static.wixstatic.com/media/3a7434_b8dc62a4e1d84ceaab636d69d855fb4b_mv2.jpg/v1/fill/w_645,h_250,fp_0.50_0.50,q_30,blur_30/3a7434_b8dc62a4e1d84ceaab636d69d855fb4b_mv2.jpg]
[static.wixstatic.com/media/3a7434_b8dc62a4e1d84ceaab636d69d855fb4b_mv2.jpg/v1/fill/w_980,h_380,fp_0.50_0.50,q_90/3a7434_b8dc62a4e1d84ceaab636d69d855fb4b_mv2.jpg]
[static.wixstatic.com/media/3a7434_3d317dbbec7d426897148cd3a4f637dc_mv2.jpg/v1/fill/w_645,h_250,fp_0.50_0.50,q_30,blur_30/3a7434_3d317dbbec7d426897148cd3a4f637dc_mv2.jpg]
[static.wixstatic.com/media/3a7434_3d317dbbec7d426897148cd3a4f637dc_mv2.jpg/v1/fill/w_980,h_380,fp_0.50_0.50,q_90/3a7434_3d317dbbec7d426897148cd3a4f637dc_mv2.jpg]
[static.wixstatic.com/media/3a7434_574fefc5cc48431783041e07f8340763_mv2.jpg/v1/fill/w_645,h_250,fp_0.50_0.50,q_30,blur_30/3a7434_574fefc5cc48431783041e07f8340763_mv2.jpg]
[static.wixstatic.com/media/3a7434_574fefc5cc48431783041e07f8340763_mv2.jpg/v1/fill/w_980,h_380,fp_0.50_0.50,q_90/3a7434_574fefc5cc48431783041e07f8340763_mv2.jpg]
[static.wixstatic.com/media/3a7434_fe74851fff22475e8da0bc22130f7b39_mv2.jpg/v1/fill/w_645,h_250,fp_0.50_0.50,q_30,blur_30/3a7434_fe74851fff22475e8da0bc22130f7b39_mv2.jpg]
[static.wixstatic.com/media/3a7434_fe74851fff22475e8da0bc22130f7b39_mv2.jpg/v1/fill/w_980,h_380,fp_0.50_0.50,q_90/3a7434_fe74851fff22475e8da0bc22130f7b39_mv2.jpg]
[static.wixstatic.com/media/3a7434_c8b7fc541e6b4cc4b3acb80f1c8375f0_mv2.jpg/v1/fill/w_645,h_250,fp_0.50_0.50,q_30,blur_30/3a7434_c8b7fc541e6b4cc4b3acb80f1c8375f0_mv2.jpg]
[static.wixstatic.com/media/3a7434_c8b7fc541e6b4cc4b3acb80f1c8375f0_mv2.jpg/v1/fill/w_980,h_380,fp_0.50_0.50,q_90/3a7434_c8b7fc541e6b4cc4b3acb80f1c8375f0_mv2.jpg]
[static.wixstatic.com/media/3a7434_71f2fcde8bd9426b87608545b401ad80_mv2.png/v1/fill/w_47,h_24,al_c,q_85,usm_0.66_1.00_0.01,blur_2,enc_avif,quality_auto/3a7434_71f2fcde8bd9426b87608545b401ad80_mv2.png]
[www.repixs.com/zillow-masterclass.307.delayed]
[static.wixstatic.com/media/3a7434_50dbc29ce0a74ff793940649ea66db76_mv2.png/v1/fill/w_49,h_25,al_c,q_85,usm_0.66_1.00_0.01,blur_2,enc_avif,quality_auto/3a7434_50dbc29ce0a74ff793940649ea66db76_mv2.png]
[static.wixstatic.com/media/3a7434_55d453d80c97483d8c8e53571f6a75f0_mv2.png/v1/fill/w_49,h_25,al_c,q_85,usm_0.66_1.00_0.01,blur_2,enc_avif,quality_auto/3a7434_55d453d80c97483d8c8e53571f6a75f0_mv2.png]
[static.wixstatic.com/media/3a7434_d5dc17f9726a427992b91a165d98083b_mv2.png/v1/fill/w_49,h_25,al_c,q_85,usm_0.66_1.00_0.01,blur_2,enc_avif,quality_auto/3a7434_d5dc17f9726a427992b91a165d98083b_mv2.png]
[www.repixs.com/post/all-services-explained.html]
[static.parastorage.com/services/communities-blog-ooi/1.3189.0/PostViewerWidgetNoCss.bundle.min.js]
[www.repixs.com/profile/amanda/C,location.html]
[www.repixs.com/profile/amanda/t.html]
[www.repixs.com/profile/amanda/o.html]
[www.repixs.com/profile/amanda/${s.html]
[www.repixs.com/post/how-and-when-should-i-be-utilizing-instagram.html]
[www.repixs.com/profile/amanda/window.location.html]
[www.repixs.com/profile/amanda/robots.html]
[www.repixs.com/profile/amanda/sitemap.xml]
[www.repixs.com/profile/amanda/feed.xml]
[www.repixs.com/profile/amanda/profile.html]
[www.repixs.com/profile/amanda/e.html]
[static.wixstatic.com/media/3a7434_a3b4ec4d440c45f69f49b9d79851d617_mv2.png/v1/fill/w_49,h_28,al_c,q_85,usm_0.66_1.00_0.01,blur_2,enc_avif,quality_auto/3a7434_a3b4ec4d440c45f69f49b9d79851d617_mv2.png]
[static.wixstatic.com/media/3a7434_92731ecf432548d99975a7f15adcca64_mv2.jpg/v1/fill/w_147,h_86,al_c,q_80,usm_0.66_1.00_0.01,blur_2,enc_avif,quality_auto/3a7434_92731ecf432548d99975a7f15adcca64_mv2.jpg]
[www.repixs.com/chris-hancock]
[static.wixstatic.com/media/3a7434_bfbac4049271483195df4c5ce0262aeb_mv2.jpeg/v1/fill/w_147,h_83,al_c,q_80,usm_0.66_1.00_0.01,blur_2,enc_avif,quality_auto/3a7434_bfbac4049271483195df4c5ce0262aeb_mv2.jpg]
[www.repixs.com/sam-norwood]
[www.repixs.com/post/pivot-with-3d-tour.html]
[static.wixstatic.com/media/3a7434_47b8b6f429284c2897095a7e883adbb1_mv2.png/v1/fill/w_49,h_28,al_c,q_85,usm_0.66_1.00_0.01,blur_2,enc_avif,quality_auto/3a7434_47b8b6f429284c2897095a7e883adbb1_mv2.png]
[static.wixstatic.com/media/3a7434_e2988ca545b84c62818f7c749d6e2660_mv2.png/v1/fill/w_49,h_37,al_c,q_85,usm_0.66_1.00_0.01,blur_2,enc_avif,quality_auto/3a7434_e2988ca545b84c62818f7c749d6e2660_mv2.png]
[i.vimeocdn.com/video/813458227_295x166.jpg]
[i.vimeocdn.com/video/773397581_295x166.jpg]
[i.vimeocdn.com/video/866281845_295x166.jpg]
[static.wixstatic.com/media/3a7434_af0d00c3f92449ffad3afd2e224765f1_mv2.png/v1/fill/w_49,h_25,al_c,q_85,usm_0.66_1.00_0.01,blur_2,enc_avif,quality_auto/3a7434_af0d00c3f92449ffad3afd2e224765f1_mv2.png]
[www.repixs.com/post/virtual-tour-differences.html]
[static.wixstatic.com/media/3a7434_2c7367e7a2ae48fcb52ef4377e52a6a1_mv2.jpg/v1/fill/w_250,h_250,al_c,q_30,blur_30/3a7434_2c7367e7a2ae48fcb52ef4377e52a6a1_mv2.jpg]
[static.wixstatic.com/media/3a7434_2c7367e7a2ae48fcb52ef4377e52a6a1_mv2.jpg/v1/fill/w_313,h_313,fp_0.50_0.50,q_90/3a7434_2c7367e7a2ae48fcb52ef4377e52a6a1_mv2.jpg]
[static.wixstatic.com/media/3a7434_3004dfe1caaa44309e9d5b41c1f41dd6_mv2.jpg/v1/fill/w_250,h_250,al_c,q_30,blur_30/3a7434_3004dfe1caaa44309e9d5b41c1f41dd6_mv2.jpg]
[static.wixstatic.com/media/3a7434_3004dfe1caaa44309e9d5b41c1f41dd6_mv2.jpg/v1/fill/w_313,h_313,fp_0.50_0.50,q_90/3a7434_3004dfe1caaa44309e9d5b41c1f41dd6_mv2.jpg]
[static.wixstatic.com/media/3a7434_0de1c5a15760432a8bedbe6e71a553ad_mv2.jpg/v1/fill/w_250,h_250,al_c,q_30,blur_30/3a7434_0de1c5a15760432a8bedbe6e71a553ad_mv2.jpg]
[static.wixstatic.com/media/3a7434_0de1c5a15760432a8bedbe6e71a553ad_mv2.jpg/v1/fill/w_314,h_313,fp_0.50_0.50,q_90/3a7434_0de1c5a15760432a8bedbe6e71a553ad_mv2.jpg]
[static.wixstatic.com/media/3a7434_b999644f492a4a19b6bdaad831d8a715_mv2.jpg/v1/fill/w_250,h_250,al_c,q_30,blur_30/3a7434_b999644f492a4a19b6bdaad831d8a715_mv2.jpg]
[static.wixstatic.com/media/3a7434_b999644f492a4a19b6bdaad831d8a715_mv2.jpg/v1/fill/w_300,h_300,fp_0.50_0.50,q_90/3a7434_b999644f492a4a19b6bdaad831d8a715_mv2.jpg]
[static.wixstatic.com/media/3a7434_ebd51998c4d944daa8dc490250653215_mv2.jpg/v1/fill/w_147,h_98,al_c,q_80,usm_0.66_1.00_0.01,blur_2,enc_avif,quality_auto/3a7434_ebd51998c4d944daa8dc490250653215_mv2.jpg]
[static.wixstatic.com/media/3a7434_677a279ad44a4a17a13bd4f3a2b5ac8a_mv2.jpg/v1/fill/w_147,h_98,al_c,q_80,usm_0.66_1.00_0.01,blur_2,enc_avif,quality_auto/3a7434_677a279ad44a4a17a13bd4f3a2b5ac8a_mv2.jpg]
[static.wixstatic.com/media/3a7434_ea400d6141064890a124b61b5c5b006d_mv2.jpg/v1/fill/w_374,h_250,al_c,q_30,blur_30/3a7434_ea400d6141064890a124b61b5c5b006d_mv2.jpg]
[static.wixstatic.com/media/3a7434_ea400d6141064890a124b61b5c5b006d_mv2.jpg/v1/fill/w_828,h_553,al_c,q_90/3a7434_ea400d6141064890a124b61b5c5b006d_mv2.jpg]
[static.wixstatic.com/media/3a7434_b5e46f637e704c1f864975a678177999_mv2.jpg/v1/fill/w_375,h_250,al_c,q_30,blur_30/3a7434_b5e46f637e704c1f864975a678177999_mv2.jpg]
[static.wixstatic.com/media/3a7434_b5e46f637e704c1f864975a678177999_mv2.jpg/v1/fill/w_830,h_553,al_c,q_90/3a7434_b5e46f637e704c1f864975a678177999_mv2.jpg]
[static.wixstatic.com/media/3a7434_1761c002d265420c9568278fcbc502e1_mv2.jpg/v1/fill/w_375,h_250,al_c,q_30,blur_30/3a7434_1761c002d265420c9568278fcbc502e1_mv2.jpg]
[static.wixstatic.com/media/3a7434_1761c002d265420c9568278fcbc502e1_mv2.jpg/v1/fill/w_830,h_553,al_c,q_90/3a7434_1761c002d265420c9568278fcbc502e1_mv2.jpg]
[www.repixs.com/blog/tags/special-projects.html]
[www.repixs.com/post/special-project-spotlight-shooting-the-twilight-house.html]
[static.wixstatic.com/media/17bf13_c64afdd665e94ef7be92a839c51e3c64_mv2.jpg/v1/fill/w_147,h_98,al_c,q_80,usm_0.66_1.00_0.01,blur_2,enc_avif,quality_auto/17bf13_c64afdd665e94ef7be92a839c51e3c64_mv2.jpg]
[www.repixs.com/blog/tags/twilight-photos.html]
[static.wixstatic.com/media/17bf13_a295cc77d7214c1cb4a7b92fefe53edd_mv2.jpg/v1/fill/w_147,h_110,al_c,q_80,usm_0.66_1.00_0.01,blur_2,enc_avif,quality_auto/17bf13_a295cc77d7214c1cb4a7b92fefe53edd_mv2.jpg]
[static.wixstatic.com/media/17bf13_ce5e38e682cc40e28fb9af1740f63fb7_mv2.jpg/v1/fill/w_147,h_98,al_c,q_80,usm_0.66_1.00_0.01,blur_2,enc_avif,quality_auto/17bf13_ce5e38e682cc40e28fb9af1740f63fb7_mv2.jpg]
[static.wixstatic.com/media/17bf13_c41ec3b575064a858c5ce4138fae84fd_mv2.jpg/v1/fill/w_147,h_110,al_c,q_80,usm_0.66_1.00_0.01,blur_2,enc_avif,quality_auto/17bf13_c41ec3b575064a858c5ce4138fae84fd_mv2.jpg]
[static.wixstatic.com/media/17bf13_e529d25401284671a6fc115acb569629_mv2.jpg/v1/fill/w_374,h_250,al_c,q_30,blur_30/17bf13_e529d25401284671a6fc115acb569629_mv2.jpg]
[static.wixstatic.com/media/17bf13_e529d25401284671a6fc115acb569629_mv2.jpg/v1/fill/w_488,h_326,fp_0.50_0.50,q_90/17bf13_e529d25401284671a6fc115acb569629_mv2.jpg]
[static.wixstatic.com/media/17bf13_48b729be098c47f5810f650af5a509e3_mv2.jpg/v1/fill/w_374,h_250,al_c,q_30,blur_30/17bf13_48b729be098c47f5810f650af5a509e3_mv2.jpg]
[static.wixstatic.com/media/17bf13_48b729be098c47f5810f650af5a509e3_mv2.jpg/v1/fill/w_487,h_326,fp_0.50_0.50,q_90/17bf13_48b729be098c47f5810f650af5a509e3_mv2.jpg]
[static.wixstatic.com/media/17bf13_ff672f615dd9454d9f2eaebb0817ffcb_mv2.jpg/v1/fill/w_147,h_110,al_c,q_80,usm_0.66_1.00_0.01,blur_2,enc_avif,quality_auto/17bf13_ff672f615dd9454d9f2eaebb0817ffcb_mv2.jpg]
[www.repixs.com/post/stand-out-with-twilight-photography.html]
[static.wixstatic.com/media/3a7434_37c472a6afff411ba544c758a5da9705_mv2.png/v1/fill/w_49,h_28,al_c,q_85,usm_0.66_1.00_0.01,blur_2,enc_avif,quality_auto/3a7434_37c472a6afff411ba544c758a5da9705_mv2.png]
[www.repixs.com/post/room-measurements.html]
[static.wixstatic.com/media/3a7434_464eba4cb54b492bb21e1ae25fd11ce9_mv2.jpg/v1/fill/w_147,h_101,al_c,q_80,usm_0.66_1.00_0.01,blur_2,enc_avif,quality_auto/3a7434_464eba4cb54b492bb21e1ae25fd11ce9_mv2.jpg]
[static.wixstatic.com/media/3a7434_f53273c443114739b57f37b80dd8b1fc_mv2.jpg/v1/fill/w_147,h_100,al_c,q_80,usm_0.66_1.00_0.01,blur_2,enc_avif,quality_auto/3a7434_f53273c443114739b57f37b80dd8b1fc_mv2.jpg]
[static.wixstatic.com/media/3a7434_3be0d4f59f9449fbac0a8d52756db2cb_mv2.jpg/v1/fill/w_147,h_98,al_c,q_80,usm_0.66_1.00_0.01,blur_2,enc_avif,quality_auto/3a7434_3be0d4f59f9449fbac0a8d52756db2cb_mv2.jpg]
[static.wixstatic.com/media/3a7434_0c63f1433c9c4f08a4a93224c3bb8308_mv2.jpg/v1/fill/w_147,h_98,al_c,q_80,usm_0.66_1.00_0.01,blur_2,enc_avif,quality_auto/3a7434_0c63f1433c9c4f08a4a93224c3bb8308_mv2.jpg]
[static.wixstatic.com/media/3a7434_f4be76f273434244b4c7196b3b36b238_mv2.jpg/v1/fill/w_147,h_98,al_c,q_80,usm_0.66_1.00_0.01,blur_2,enc_avif,quality_auto/3a7434_f4be76f273434244b4c7196b3b36b238_mv2.jpg]
[static.wixstatic.com/media/3a7434_22ae0ed95b634e528901878df06b4f86_mv2.jpg/v1/fill/w_147,h_48,al_c,q_80,usm_0.66_1.00_0.01,blur_2,enc_avif,quality_auto/3a7434_22ae0ed95b634e528901878df06b4f86_mv2.jpg]
[static.wixstatic.com/media/3a7434_634f382250a348bdad93e76e1244e109_mv2.jpg/v1/fill/w_147,h_98,al_c,q_80,usm_0.66_1.00_0.01,blur_2,enc_avif,quality_auto/3a7434_634f382250a348bdad93e76e1244e109_mv2.jpg]
[static.wixstatic.com/media/3a7434_36cd528666b04ff0bf378e4cb21c9a91_mv2.jpg/v1/fill/w_147,h_110,al_c,q_80,usm_0.66_1.00_0.01,blur_2,enc_avif,quality_auto/3a7434_36cd528666b04ff0bf378e4cb21c9a91_mv2.jpg]
[www.repixs.com/post/photographing-real-estate-in-different-lighting-conditions.html]
[www.repixs.com/profile/2ed2cc32-e621-4e24-ad76-b03b2270ea6c/C,location.html]
[www.repixs.com/profile/2ed2cc32-e621-4e24-ad76-b03b2270ea6c/t.html]
[www.repixs.com/profile/2ed2cc32-e621-4e24-ad76-b03b2270ea6c/o.html]
[www.repixs.com/profile/2ed2cc32-e621-4e24-ad76-b03b2270ea6c/${s.html]
[www.repixs.com/post/welcome-to-flight-school.html]
[www.repixs.com/profile/2ed2cc32-e621-4e24-ad76-b03b2270ea6c/window.location.html]
[www.repixs.com/profile/2ed2cc32-e621-4e24-ad76-b03b2270ea6c/robots.html]
[www.repixs.com/profile/2ed2cc32-e621-4e24-ad76-b03b2270ea6c/sitemap.xml]
[www.repixs.com/profile/2ed2cc32-e621-4e24-ad76-b03b2270ea6c/feed.xml]
[www.repixs.com/profile/2ed2cc32-e621-4e24-ad76-b03b2270ea6c/profile.html]
[www.repixs.com/profile/2ed2cc32-e621-4e24-ad76-b03b2270ea6c/e.html]
[static.wixstatic.com/media/3a7434_d50648b026e94af49347bd890eec0c9b_mv2.png/v1/fill/w_49,h_87,al_c,q_85,usm_0.66_1.00_0.01,blur_2,enc_avif,quality_auto/3a7434_d50648b026e94af49347bd890eec0c9b_mv2.png]
[static.wixstatic.com/media/3a7434_c7dd72fcd75242e5bcd4c62a94ce38ae_mv2.png/v1/fill/w_49,h_87,al_c,q_85,usm_0.66_1.00_0.01,blur_2,enc_avif,quality_auto/3a7434_c7dd72fcd75242e5bcd4c62a94ce38ae_mv2.png]
[static.wixstatic.com/media/3a7434_7f6c9f38c67d41399dbf6d9caf30f549_mv2.png/v1/fill/w_49,h_15,al_c,q_85,usm_0.66_1.00_0.01,blur_2,enc_avif,quality_auto/3a7434_7f6c9f38c67d41399dbf6d9caf30f549_mv2.png]
[static.wixstatic.com/media/3a7434_d58db5bc86ee4d048ad7b68009822794_mv2.png/v1/fill/w_49,h_6,al_c,q_85,usm_0.66_1.00_0.01,blur_2,enc_avif,quality_auto/3a7434_d58db5bc86ee4d048ad7b68009822794_mv2.png]
[static.wixstatic.com/media/3a7434_69e7f7e00e7345f5a04eaa940312c87a_mv2.jpg/v1/fill/w_147,h_98,al_c,q_80,usm_0.66_1.00_0.01,blur_2,enc_avif,quality_auto/3a7434_69e7f7e00e7345f5a04eaa940312c87a_mv2.jpg]
[static.wixstatic.com/media/3a7434_cdc5fb5bb85b4a4cbc55a1bbeac1347a_mv2.jpg/v1/fill/w_147,h_110,al_c,q_80,usm_0.66_1.00_0.01,blur_2,enc_avif,quality_auto/3a7434_cdc5fb5bb85b4a4cbc55a1bbeac1347a_mv2.jpg]
[static.wixstatic.com/media/3a7434_a48394a46da74143a275d0b68b1d0d4d_mv2.jpg/v1/fill/w_147,h_98,al_c,q_80,usm_0.66_1.00_0.01,blur_2,enc_avif,quality_auto/3a7434_a48394a46da74143a275d0b68b1d0d4d_mv2.jpg]
[www.repixs.com/patrick-treadway]
[www.repixs.com/sebastian.html]
[static.wixstatic.com/media/3a7434_0590120bb7cd4e85bed42951fa6e38f3_mv2.jpg/v1/fill/w_147,h_122,al_c,q_80,usm_0.66_1.00_0.01,blur_2,enc_avif,quality_auto/3a7434_0590120bb7cd4e85bed42951fa6e38f3_mv2.jpg]
[static.wixstatic.com/media/3a7434_55da7042f27248e4982005e52defd555_mv2.png/v1/fill/w_49,h_48,al_c,q_85,usm_0.66_1.00_0.01,blur_2,enc_avif,quality_auto/3a7434_55da7042f27248e4982005e52defd555_mv2.png]
[www.repixs.com/danny.html]
[static.wixstatic.com/media/3a7434_1cf5cb19b67547659e3b0b0b6a218652_mv2.jpg/v1/fill/w_147,h_98,al_c,q_80,usm_0.66_1.00_0.01,blur_2,enc_avif,quality_auto/3a7434_1cf5cb19b67547659e3b0b0b6a218652_mv2.jpg]
[www.repixs.com/jon]
[www.repixs.com/post/drones-for-real-estate.html]
[www.repixs.com/theo.html]
[static.wixstatic.com/media/3a7434_07c75c8961474b5eb404ba8ee02032b3_mv2.png/v1/fill/w_49,h_28,al_c,q_85,usm_0.66_1.00_0.01,blur_2,enc_avif,quality_auto/3a7434_07c75c8961474b5eb404ba8ee02032b3_mv2.png]
[static.wixstatic.com/media/3a7434_c16a551b22a84db1bbc31aee4cc24be0_mv2.png/v1/fill/w_49,h_28,al_c,q_85,usm_0.66_1.00_0.01,blur_2,enc_avif,quality_auto/3a7434_c16a551b22a84db1bbc31aee4cc24be0_mv2.png]
[static.wixstatic.com/media/3a7434_67e4ac25b52546afac8fb2b82cb278d4_mv2.png/v1/fill/w_49,h_12,al_c,q_85,usm_0.66_1.00_0.01,blur_2,enc_avif,quality_auto/3a7434_67e4ac25b52546afac8fb2b82cb278d4_mv2.png]
[static.wixstatic.com/media/3a7434_a1bb8632c04b4750adbfba5ef1dc3da6_mv2.png/v1/fill/w_49,h_6,al_c,q_85,usm_0.66_1.00_0.01,blur_2,enc_avif,quality_auto/3a7434_a1bb8632c04b4750adbfba5ef1dc3da6_mv2.png]
[www.repixs.com/post/drone.html]
[static.wixstatic.com/media/3a7434_4966aab448a343258ed475bddda23d42_mv2.png/v1/fill/w_49,h_27,al_c,q_85,usm_0.66_1.00_0.01,blur_2,enc_avif,quality_auto/3a7434_4966aab448a343258ed475bddda23d42_mv2.png]
[static.wixstatic.com/media/3a7434_0fb1137f85f74237977b333a37c88536_mv2.png/v1/fill/w_49,h_28,al_c,q_85,usm_0.66_1.00_0.01,blur_2,enc_avif,quality_auto/3a7434_0fb1137f85f74237977b333a37c88536_mv2.png]
[static.wixstatic.com/media/3a7434_d9e7e98d1041493da481ad5676761754_mv2.jpg/v1/fill/w_147,h_195,al_c,q_80,usm_0.66_1.00_0.01,blur_2,enc_avif,quality_auto/3a7434_d9e7e98d1041493da481ad5676761754_mv2.jpg]
[static.wixstatic.com/media/3a7434_b560304470ee4d39be47f923fbf339b7_mv2.png/v1/fill/w_49,h_47,al_c,q_85,usm_0.66_1.00_0.01,blur_2,enc_avif,quality_auto/3a7434_b560304470ee4d39be47f923fbf339b7_mv2.png]
[static.wixstatic.com/media/3a7434_ac23f17879c0455baf4972430b6d3323_mv2_d_2048_1365_s_2.jpg/v1/fill/w_250,h_250,fp_0.50_0.50,q_30,blur_30/3a7434_ac23f17879c0455baf4972430b6d3323_mv2_d_2048_1365_s_2.jpg]
[static.wixstatic.com/media/3a7434_ac23f17879c0455baf4972430b6d3323_mv2_d_2048_1365_s_2.jpg/v1/fill/w_326,h_326,fp_0.50_0.50,q_90/3a7434_ac23f17879c0455baf4972430b6d3323_mv2_d_2048_1365_s_2.jpg]
[static.wixstatic.com/media/3a7434_068341b1ca244186b26876e31c451ca0_mv2_d_4/v1/fill/w_250,h_250,fp_0.50_0.50,q_30,blur_30/3a7434_068341b1ca244186b26876e31c451ca0_mv2_d_4200_2800_s_4_2.jpg]
[static.wixstatic.com/media/3a7434_068341b1ca244186b26876e31c451ca0_mv2_d_4200_2800_s_4_2.jpg/v1/fill/w_326,h_326,fp_0.50_0.50,q_90/3a7434_068341b1ca244186b26876e31c451ca0_mv2_d_4200_2800_s_4_2.jpg]
[static.wixstatic.com/media/3a7434_e0aa50ad821c4205b3e8b1fe12f3b67c_mv2_d_4/v1/fill/w_250,h_250,fp_0.50_0.50,q_30,blur_30/3a7434_e0aa50ad821c4205b3e8b1fe12f3b67c_mv2_d_4200_2800_s_4_2.jpg]
[static.wixstatic.com/media/3a7434_e0aa50ad821c4205b3e8b1fe12f3b67c_mv2_d_4200_2800_s_4_2.jpg/v1/fill/w_326,h_326,fp_0.50_0.50,q_90/3a7434_e0aa50ad821c4205b3e8b1fe12f3b67c_mv2_d_4200_2800_s_4_2.jpg]
[static.wixstatic.com/media/3a7434_39551bb4beec4bb9a3cb13c9e4b410b2_mv2_d_3000_2013_s_2.jpg/v1/fill/w_250,h_250,fp_0.50_0.50,q_30,blur_30/3a7434_39551bb4beec4bb9a3cb13c9e4b410b2_mv2_d_3000_2013_s_2.jpg]
[static.wixstatic.com/media/3a7434_39551bb4beec4bb9a3cb13c9e4b410b2_mv2_d_3000_2013_s_2.jpg/v1/fill/w_326,h_326,fp_0.50_0.50,q_90/3a7434_39551bb4beec4bb9a3cb13c9e4b410b2_mv2_d_3000_2013_s_2.jpg]
[static.wixstatic.com/media/3a7434_1623deb68e244af9af7450e33b47252a_mv2_d_4/v1/fill/w_250,h_250,fp_0.50_0.50,q_30,blur_30/3a7434_1623deb68e244af9af7450e33b47252a_mv2_d_4200_2800_s_4_2.jpg]
[static.wixstatic.com/media/3a7434_1623deb68e244af9af7450e33b47252a_mv2_d_4200_2800_s_4_2.jpg/v1/fill/w_326,h_326,fp_0.50_0.50,q_90/3a7434_1623deb68e244af9af7450e33b47252a_mv2_d_4200_2800_s_4_2.jpg]
[static.wixstatic.com/media/3a7434_97b3200e561e4fca9960d638cd3c61a8_mv2_d_3000_2006_s_2.jpg/v1/fill/w_250,h_250,fp_0.50_0.50,q_30,blur_30/3a7434_97b3200e561e4fca9960d638cd3c61a8_mv2_d_3000_2006_s_2.jpg]
[static.wixstatic.com/media/3a7434_97b3200e561e4fca9960d638cd3c61a8_mv2_d_3000_2006_s_2.jpg/v1/fill/w_326,h_326,fp_0.50_0.50,q_90/3a7434_97b3200e561e4fca9960d638cd3c61a8_mv2_d_3000_2006_s_2.jpg]
[www.repixs.com/blog/hashtags/zillowcertified.html]
[www.repixs.com/blog/hashtags/zillowphotographer.html]
[www.repixs.com/blog/hashtags/zillow3Dtour.html]
[www.repixs.com/post/zillow-certified-photographers.html]
[www.repixs.com/post/C,location.html]
[www.repixs.com/post/t.html]
[www.repixs.com/post/o.html]
[www.repixs.com/blog/hashtags/zillow3dwalkthrough.html]
[www.repixs.com/blog/hashtags/professionalphotography.html]
[www.repixs.com/blog/hashtags/zillow.html]
[www.repixs.com/blog/tags/C,location.37b.delayed]
[www.repixs.com/blog/tags/t]
[www.repixs.com/blog/tags/o]
[www.repixs.com/blog/tags/${s.uri}]
[www.repixs.com/blog/tags/window.location.href]
[www.repixs.com/blog/tags/robots.txt]
[www.repixs.com/blog/tags/sitemap.xml]
[www.repixs.com/blog/tags/feed.xml]
[www.repixs.com/blog/tags/e]
[www.repixs.com/blog/tags/best-practices-for-realtors.html]
[www.repixs.com/blog/tags/real-estate-photography.html]
[www.repixs.com/blog/tags/3d-tours.html]
[www.repixs.com/blog/tags/re-pixs.html]
[www.repixs.com/blog/tags/marketing.html]
[www.repixs.com/blog/tags/realtor-tips.html]
[www.repixs.com/blog/tags/business-strategy.html]
[www.repixs.com/blog/tags/portland-real-estate.html]
[www.repixs.com/blog/tags/listing-marketing.html]
[www.repixs.com/blog/tags/portland-real-estate-photography.html]
[www.repixs.com/blog/tags/compliance.html]
[www.repixs.com/post/${s.html]
[www.repixs.com/post/window.location.html]
[www.repixs.com/post/robots.html]
[www.repixs.com/post/sitemap.html]
[www.repixs.com/post/feed.html]
[www.repixs.com/post/e.html]
[www.repixs.com/profile/6102eb90-6b2a-47cf-947e-78acce40b36b40290/C,location.html]
[www.repixs.com/profile/6102eb90-6b2a-47cf-947e-78acce40b36b40290/t.html]
[browser.sentry-cdn.com/6.18.2/bundle.min.js]
[static.parastorage.com/services/wix-perf-measure/1.1095.0/wix-perf-measure.umd.min.js]
[www.repixs.com/profile/6102eb90-6b2a-47cf-947e-78acce40b36b40290/o.html]
[www.repixs.com/profile/6102eb90-6b2a-47cf-947e-78acce40b36b40290/${s.html]
[www.repixs.com/profile/6102eb90-6b2a-47cf-947e-78acce40b36b40290/window.location.html]
[www.repixs.com/profile/6102eb90-6b2a-47cf-947e-78acce40b36b40290/robots.html]
[www.repixs.com/profile/6102eb90-6b2a-47cf-947e-78acce40b36b40290/sitemap.html]
[www.repixs.com/profile/6102eb90-6b2a-47cf-947e-78acce40b36b40290/feed.html]
[www.repixs.com/profile/6102eb90-6b2a-47cf-947e-78acce40b36b40290/e.html]
[www.repixs.com/profile/ashley-miles/C,location.html]
[www.repixs.com/profile/ashley-miles/t.html]
[www.repixs.com/profile/ashley-miles/o.html]
[www.repixs.com/profile/ashley-miles/${s.html]
[www.repixs.com/profile/ashley-miles/window.location.html]
[www.repixs.com/profile/ashley-miles/robots.html]
[www.repixs.com/profile/ashley-miles/sitemap.html]
[www.repixs.com/profile/ashley-miles/feed.html]
[www.repixs.com/profile/ashley-miles/e.html]
[www.repixs.com/post/year-end-tax-benefits.html]
[static.wixstatic.com/media/3a7434_7ca2118e3a2748e688633ea922b9987e_mv2.png/v1/fill/w_49,h_15,al_c,q_85,usm_0.66_1.00_0.01,blur_2,enc_avif,quality_auto/3a7434_7ca2118e3a2748e688633ea922b9987e_mv2.png]
[static.wixstatic.com/media/3a7434_27801a938e37440abacba4cc704e6887_mv2.png]
[static.wixstatic.com/media/3a7434_d6bf6c63a72f418f945043997ca06af7_mv2.jpeg/v1/fill/w_193,h_241,al_c,q_30,blur_30/3a7434_d6bf6c63a72f418f945043997ca06af7_mv2.jpg]
[static.wixstatic.com/media/3a7434_d6bf6c63a72f418f945043997ca06af7_mv2.jpeg/v1/fill/w_169,h_219,fp_0.50_0.50,q_90/3a7434_d6bf6c63a72f418f945043997ca06af7_mv2.jpg]
[www.repixs.com/post/zillow-tours-masterclass-by-re-pixs.html]
[static.wixstatic.com/media/3a7434_0a78e3c3bcaa43ff95a458c3c17da462_mv2.png/v1/fill/w_49,h_6,al_c,q_85,usm_0.66_1.00_0.01,blur_2,enc_avif,quality_auto/3a7434_0a78e3c3bcaa43ff95a458c3c17da462_mv2.png]
[static.wixstatic.com/media/3a7434_cdc424b66c6d445d88915d99340db8f9_mv2.png/v1/fill/w_49,h_28,al_c,q_85,usm_0.66_1.00_0.01,blur_2,enc_avif,quality_auto/3a7434_cdc424b66c6d445d88915d99340db8f9_mv2.png]
[static.wixstatic.com/media/3a7434_310c95a61dc44552aa2af077cc1ed918_mv2.png/v1/fill/w_49,h_28,al_c,q_85,usm_0.66_1.00_0.01,blur_2,enc_avif,quality_auto/3a7434_310c95a61dc44552aa2af077cc1ed918_mv2.png]
[static.wixstatic.com/media/3a7434_8e3fd59dcd5342efbddd00a17cc13bb5_mv2.png/v1/fill/w_49,h_23,al_c,q_85,usm_0.66_1.00_0.01,blur_2,enc_avif,quality_auto/3a7434_8e3fd59dcd5342efbddd00a17cc13bb5_mv2.png]
[static.wixstatic.com/media/3a7434_23caf00ef4b0432f99df34a4089da3e5_mv2.png/v1/fill/w_49,h_28,al_c,q_85,usm_0.66_1.00_0.01,blur_2,enc_avif,quality_auto/3a7434_23caf00ef4b0432f99df34a4089da3e5_mv2.png]
[static.wixstatic.com/media/3a7434_a3e24cc3f95846b8ad980ca615a463ac_mv2.png/v1/fill/w_49,h_6,al_c,q_85,usm_0.66_1.00_0.01,blur_2,enc_avif,quality_auto/3a7434_a3e24cc3f95846b8ad980ca615a463ac_mv2.png]
[www.repixs.com/post/favorite-projects.html]
[static.wixstatic.com/media/3a7434_5e08c07a6af94de68b3f7bb46424ee6b_mv2.png/v1/fill/w_49,h_20,al_c,q_85,usm_0.66_1.00_0.01,blur_2,enc_avif,quality_auto/3a7434_5e08c07a6af94de68b3f7bb46424ee6b_mv2.png]
[www.repixs.com/post/better-biz.html]
[www.repixs.com/blog/page/6.html]
[static.wixstatic.com/media/3a7434_13ccf208086c45e0824c37d8a170d2a3_mv2.png/v1/fill/w_49,h_22,al_c,q_85,usm_0.66_1.00_0.01,blur_2,enc_avif,quality_auto/3a7434_13ccf208086c45e0824c37d8a170d2a3_mv2.png]
[static.wixstatic.com/media/3a7434_ad7b7f77dc4e43abb23c717d304dca68_mv2.png/v1/fill/w_49,h_22,al_c,q_85,usm_0.66_1.00_0.01,blur_2,enc_avif,quality_auto/3a7434_ad7b7f77dc4e43abb23c717d304dca68_mv2.png]
[www.repixs.com/post/repixs-10yr.html]
[static.wixstatic.com/media/3a7434_16db4349432642e5b1436fdb215ea655_mv2.png/v1/fill/w_49,h_22,al_c,q_85,usm_0.66_1.00_0.01,blur_2,enc_avif,quality_auto/3a7434_16db4349432642e5b1436fdb215ea655_mv2.png]
[static.wixstatic.com/media/3a7434_7435f225647440a9b2b1661371647b52_mv2.png/v1/fill/w_49,h_22,al_c,q_85,usm_0.66_1.00_0.01,blur_2,enc_avif,quality_auto/3a7434_7435f225647440a9b2b1661371647b52_mv2.png]
[static.wixstatic.com/media/3a7434_1786c1024a04461aa1704995c7f8f7bc_mv2.png/v1/fill/w_49,h_49,al_c,q_85,usm_0.66_1.00_0.01,blur_2,enc_avif,quality_auto/3a7434_1786c1024a04461aa1704995c7f8f7bc_mv2.png]
[static.wixstatic.com/media/3a7434_856ceaa4883048d08caf9fcc79d8a3bc_mv2.png/v1/fill/w_49,h_6,al_c,q_85,usm_0.66_1.00_0.01,blur_2,enc_avif,quality_auto/3a7434_856ceaa4883048d08caf9fcc79d8a3bc_mv2.png]
[www.repixs.com/post/commercial-3d-scans.html]
[www.repixs.com/blog/page/7.html]
[www.repixs.com/blog/page/9.html]
[static.wixstatic.com/media/3a7434_d0d9c83ec55b4aca8c77b6017f3bbd8b_mv2.png/v1/fill/w_49,h_87,al_c,q_85,usm_0.66_1.00_0.01,blur_2,enc_avif,quality_auto/3a7434_d0d9c83ec55b4aca8c77b6017f3bbd8b_mv2.png]
[www.repixs.com/post/shareable-virtual-home-buyers-guide.html]
[www.repixs.com/blog/page/8.html]
[www.repixs.com/team/c,location-2.html]
[www.repixs.com/post/fields-of-tulips-for-all.html]
[static.wixstatic.com/media/3a7434_3e1ec01caf5e4a9d9a6e1ca6f2bb292f_mv2.png/v1/fill/w_52,h_74,al_c,q_85,usm_0.66_1.00_0.01,enc_avif,quality_auto/REPIXS.png]
[www.repixs.com/REPIXS_2020-171.jpg]
[static.wixstatic.com/media/3a7434_d98c73d5d2a846bd958228f35c68f486_mv2.jpg/v1/fit/w_480,h_320,q_90,enc_avif,quality_auto/3a7434_d98c73d5d2a846bd958228f35c68f486_mv2.jpg]
[www.repixs.com/home-1.html]
[www.repixs.com/REPIXS_2020-96.jpg]
[static.wixstatic.com/media/3a7434_b48e4853768b41cb8850b8b9d193a5b8_mv2.jpg/v1/fit/w_480,h_320,q_90,enc_avif,quality_auto/3a7434_b48e4853768b41cb8850b8b9d193a5b8_mv2.jpg]
[www.repixs.com/REPIXS_2020-103.jpg]
[static.wixstatic.com/media/3a7434_6e6e541a79f44a3b9585d79c23427c0a_mv2.jpg/v1/fit/w_960,h_642,q_90,enc_avif,quality_auto/3a7434_6e6e541a79f44a3b9585d79c23427c0a_mv2.jpg]
[www.repixs.com/REPIXS_2020-118.jpg]
[static.wixstatic.com/media/3a7434_08e26bfa717841b3b10b065d12334942_mv2.jpg/v1/fit/w_960,h_640,q_90,enc_avif,quality_auto/3a7434_08e26bfa717841b3b10b065d12334942_mv2.jpg]
[www.repixs.com/REPIXS_Q4_2021-31.jpg]
[static.wixstatic.com/media/3a7434_b73a9741338945c6952ec4afc6f03650_mv2.jpg/v1/fit/w_960,h_642,q_90,enc_avif,quality_auto/3a7434_b73a9741338945c6952ec4afc6f03650_mv2.jpg]
[www.repixs.com/REPIXS2020-31.jpg]
[static.wixstatic.com/media/3a7434_e2bf879ffb164649a3c581146a17d8db_mv2.jpg/v1/fit/w_960,h_640,q_90,enc_avif,quality_auto/3a7434_e2bf879ffb164649a3c581146a17d8db_mv2.jpg]
[www.repixs.com/REPIXS2020-107.jpg]
[static.wixstatic.com/media/3a7434_8abe3a34a6764ee2b1f2d5793c01b187_mv2.jpg/v1/fit/w_480,h_321,q_90,enc_avif,quality_auto/3a7434_8abe3a34a6764ee2b1f2d5793c01b187_mv2.jpg]
[www.repixs.com/REPIXS_Q4_2021-69.jpg]
[static.wixstatic.com/media/3a7434_efa4bbce00cc407699f340d25d149ba9_mv2.jpg/v1/fit/w_480,h_322,q_90,enc_avif,quality_auto/3a7434_efa4bbce00cc407699f340d25d149ba9_mv2.jpg]
[www.repixs.com/REPIXS_2020-119.jpg]
[static.wixstatic.com/media/3a7434_5b5bf09756314e3abe5f2d0498122558_mv2.jpg/v1/fit/w_480,h_320,q_90,enc_avif,quality_auto/3a7434_5b5bf09756314e3abe5f2d0498122558_mv2.jpg]
[www.repixs.com/REPIXS2020-37.jpg]
[static.wixstatic.com/media/3a7434_017d33bfafab49bca2e0e7526f939062_mv2.jpg/v1/fit/w_480,h_320,q_90,enc_avif,quality_auto/3a7434_017d33bfafab49bca2e0e7526f939062_mv2.jpg]
[www.repixs.com/REPIXS_Q4_2021-3.jpg]
[static.wixstatic.com/media/3a7434_adeca05a4b2242329c342ef8c13d32c1_mv2.jpg/v1/fit/w_960,h_642,q_90,enc_avif,quality_auto/3a7434_adeca05a4b2242329c342ef8c13d32c1_mv2.jpg]
[www.repixs.com/REPIXS_2020-117.jpg]
[static.wixstatic.com/media/3a7434_3a108921147d4c43b1bc53b8ff3e1480_mv2.jpg/v1/fit/w_960,h_642,q_90,enc_avif,quality_auto/3a7434_3a108921147d4c43b1bc53b8ff3e1480_mv2.jpg]
[www.repixs.com/REPIXS_2020-99.jpg]
[static.wixstatic.com/media/3a7434_b92c15d1ee6643dc89a36d79d5355dc1_mv2.jpg/v1/fit/w_960,h_640,q_90,enc_avif,quality_auto/3a7434_b92c15d1ee6643dc89a36d79d5355dc1_mv2.jpg]
[www.repixs.com/REPIXS2020-71.jpg]
[static.wixstatic.com/media/3a7434_88e14dd54f1e456bb48b181001790180_mv2.jpg/v1/fit/w_960,h_642,q_90,enc_avif,quality_auto/3a7434_88e14dd54f1e456bb48b181001790180_mv2.jpg]
[www.repixs.com/REPIXS_2020-56.jpg]
[static.wixstatic.com/media/3a7434_fb84974b4ef14d1a83a32f393916dd5e_mv2.jpg/v1/fit/w_480,h_320,q_90,enc_avif,quality_auto/3a7434_fb84974b4ef14d1a83a32f393916dd5e_mv2.jpg]
[www.repixs.com/REPIXS_2020-4.jpg]
[static.wixstatic.com/media/3a7434_8d368b55270c4ba3b0bf32cd268b37c9_mv2.jpg/v1/fit/w_480,h_320,q_90,enc_avif,quality_auto/3a7434_8d368b55270c4ba3b0bf32cd268b37c9_mv2.jpg]
[www.repixs.com/REPIXS2020-14.jpg]
[static.wixstatic.com/media/3a7434_0d1191a53ce348b1ae62d480787a97d5_mv2.jpg/v1/fit/w_480,h_321,q_90,enc_avif,quality_auto/3a7434_0d1191a53ce348b1ae62d480787a97d5_mv2.jpg]
[www.repixs.com/REPIXS_Q4_2021-9.jpg]
[static.wixstatic.com/media/3a7434_5f4218a224204eae965f3284c7020f93_mv2.jpg/v1/fit/w_480,h_322,q_90,enc_avif,quality_auto/3a7434_5f4218a224204eae965f3284c7020f93_mv2.jpg]
[www.repixs.com/REPIXS_Q4_2021-1.jpg]
[static.wixstatic.com/media/3a7434_40ba50a4b1304b6ea4235423beb104e9_mv2.jpg/v1/fit/w_960,h_640,q_90,enc_avif,quality_auto/3a7434_40ba50a4b1304b6ea4235423beb104e9_mv2.jpg]
[www.repixs.com/REPIXS2020-23.jpg]
[static.wixstatic.com/media/3a7434_af364dbd74834467b9e0c9f322a3594c_mv2.jpg/v1/fit/w_960,h_642,q_90,enc_avif,quality_auto/3a7434_af364dbd74834467b9e0c9f322a3594c_mv2.jpg]
[www.repixs.com/REPIXS2020-26.jpg]
[static.wixstatic.com/media/3a7434_f811a5938d0144b1a291e78facbcb28e_mv2.jpg/v1/fit/w_960,h_640,q_90,enc_avif,quality_auto/3a7434_f811a5938d0144b1a291e78facbcb28e_mv2.jpg]
[www.repixs.com/REPIXS_2020-152.jpg]
[static.wixstatic.com/media/3a7434_76d0bb80e9134cc1a83aa645887ebc45_mv2.jpg/v1/fit/w_960,h_642,q_90,enc_avif,quality_auto/3a7434_76d0bb80e9134cc1a83aa645887ebc45_mv2.jpg]
[www.repixs.com/REPIXS2020-39.jpg]
[static.wixstatic.com/media/3a7434_a5e4e71b8cb248bf99223a327d15f7ec_mv2.jpg/v1/fit/w_480,h_320,q_90,enc_avif,quality_auto/3a7434_a5e4e71b8cb248bf99223a327d15f7ec_mv2.jpg]
[www.repixs.com/REPIXS_2020-153.jpg]
[static.wixstatic.com/media/3a7434_88aa4103f1884a4b92bb738fc4d7a708_mv2.jpg/v1/fit/w_480,h_320,q_90,enc_avif,quality_auto/3a7434_88aa4103f1884a4b92bb738fc4d7a708_mv2.jpg]
[www.repixs.com/REPIXS2020-110.jpg]
[static.wixstatic.com/media/3a7434_3509ace450724ce0a0a0c260808e2957_mv2.jpg/v1/fit/w_1440,h_961,q_90,enc_avif,quality_auto/3a7434_3509ace450724ce0a0a0c260808e2957_mv2.jpg]
[static.wixstatic.com/media/3a7434_de422be416c44ff08763fb3a29772015_mv2.png/v1/fill/w_176,h_69,al_c,q_85,usm_0.66_1.00_0.01,enc_avif,quality_auto/REpixsroof-red.png]
[www.repixs.com/or-wa-pricing.html]
[static.wixstatic.com/media/3a7434_bf6546877d10416dbce91e5e069c891b_mv2.jpg/v1/fill/w_147,h_68,al_c,q_80,usm_0.66_1.00_0.01,blur_2,enc_avif,quality_auto/3a7434_bf6546877d10416dbce91e5e069c891b_mv2.jpg]
[static.wixstatic.com/media/3a7434_3a108921147d4c43b1bc53b8ff3e1480_mv2.jpg/v1/fill/w_123,h_82,al_c,q_80,usm_0.66_1.00_0.01,blur_2,enc_avif,quality_auto/3a7434_3a108921147d4c43b1bc53b8ff3e1480_mv2.jpg]
[static.wixstatic.com/media/3a7434_870595b384b249b7b5da1989aa64abd4_mv2.png/v1/fill/w_194,h_79,al_c,q_85,usm_0.66_1.00_0.01,enc_avif,quality_auto/REPIXS-ROOF.png]
[static.wixstatic.com/media/3a7434_29cdb833a5b44d86bc81a365008059bc_mv2.jpg/v1/fill/w_186,h_124,al_c,q_80,usm_0.66_1.00_0.01,blur_3,enc_avif,quality_auto/3a7434_29cdb833a5b44d86bc81a365008059bc_mv2.jpg]
[static.wixstatic.com/media/3a7434_69e7f7e00e7345f5a04eaa940312c87a_mv2.jpg/v1/fill/w_186,h_124,al_c,q_80,usm_0.66_1.00_0.01,blur_3,enc_avif,quality_auto/3a7434_69e7f7e00e7345f5a04eaa940312c87a_mv2.jpg]
[static.wixstatic.com/media/3a7434_db5dd38b0450438d8eff01388c0b5ecd_mv2.jpg/v1/fill/w_184,h_184,al_c,q_80,usm_0.66_1.00_0.01,blur_3,enc_avif,quality_auto/3a7434_db5dd38b0450438d8eff01388c0b5ecd_mv2.jpg]
[static.wixstatic.com/media/3a7434_0fb1137f85f74237977b333a37c88536_mv2.png/v1/fill/w_186,h_105,al_c,q_85,usm_0.66_1.00_0.01,blur_3,enc_avif,quality_auto/3a7434_0fb1137f85f74237977b333a37c88536_mv2.png]
[static.wixstatic.com/media/3a7434_e3811fd39d044ec0be67ed1691d270ef_mv2.jpg/v1/fill/w_186,h_186,al_c,q_80,usm_0.66_1.00_0.01,blur_3,enc_avif,quality_auto/3a7434_e3811fd39d044ec0be67ed1691d270ef_mv2.jpg]
[static.wixstatic.com/media/3a7434_6abeb69bfab64f30a9b414892598f49a_mv2.jpg/v1/fill/w_147,h_56,al_c,q_80,usm_0.66_1.00_0.01,blur_2,enc_avif,quality_auto/3a7434_6abeb69bfab64f30a9b414892598f49a_mv2.jpg]
[www.repixs.com/_files/ugd/Virtual%20Tour%20Differences%20by%20RE%20PIXS.pdf_; filename_=UTF-8''Virtual%20Tour%20Differences%20by%20RE%20PIXS.pdf]
[static.wixstatic.com/media/3a7434_31069a6adf134d3d980129bea8210009_mv2.jpg/v1/fill/w_123,h_82,al_c,q_80,usm_0.66_1.00_0.01,blur_2,enc_avif,quality_auto/3a7434_31069a6adf134d3d980129bea8210009_mv2.jpg]
[static.wixstatic.com/media/3a7434_870595b384b249b7b5da1989aa64abd4_mv2.png/v1/fill/w_384,h_155,al_c,q_85,usm_0.66_1.00_0.01,enc_avif,quality_auto/REPIXS-ROOF.png]
[static.wixstatic.com/media/3a7434_a9e5617b27cf468bbb31774656a64302_mv2.jpg/v1/crop/x_1180,y_0,w_2640,h_3333/fill/w_381,h_481,al_c,q_80,usm_0.66_1.00_0.01,enc_av/13795 NW Lariat Ct - Print-13.jpg]
[static.wixstatic.com/media/3a7434_c5fb55e15da84f779875fbc17ac16e02_mv2.jpg/v1/crop/x_331,y_0,w_641,h_809/fill/w_381,h_481,al_c,q_80,usm_0.66_1.00_0.01,enc_avif,quality_auto/MatterportSam.jpg]
[www.repixs.com/photography.html]
[static.wixstatic.com/media/3a7434_2910beb60a1948de859af16fa78de2a2_mv2.jpg/v1/fit/w_480,h_360,q_90,enc_avif,quality_auto/3a7434_2910beb60a1948de859af16fa78de2a2_mv2.jpg]
[static.wixstatic.com/media/3a7434_4a22e9ce7d0e43c5a577c7ebf84b577a_mv2.png/v1/fit/w_480,h_270,q_90,enc_avif,quality_auto/3a7434_4a22e9ce7d0e43c5a577c7ebf84b577a_mv2.png]
[static.wixstatic.com/media/3a7434_ff878e5058a54e819d9d635918bec40e_mv2.jpg/v1/fit/w_960,h_720,q_90,enc_avif,quality_auto/3a7434_ff878e5058a54e819d9d635918bec40e_mv2.jpg]
[static.wixstatic.com/media/3a7434_103d7b5b062348acb944513e53871b38_mv2.jpg/v1/fit/w_480,h_361,q_90,enc_avif,quality_auto/3a7434_103d7b5b062348acb944513e53871b38_mv2.jpg]
[static.wixstatic.com/media/3a7434_4b826928945e48b6a0df4cfa2d0d3205_mv2.png/v1/fit/w_480,h_269,q_90,enc_avif,quality_auto/3a7434_4b826928945e48b6a0df4cfa2d0d3205_mv2.png]
[static.wixstatic.com/media/3a7434_69e7f7e00e7345f5a04eaa940312c87a_mv2.jpg/v1/fit/w_960,h_642,q_90,enc_avif,quality_auto/3a7434_69e7f7e00e7345f5a04eaa940312c87a_mv2.jpg]
[static.wixstatic.com/media/3a7434_b07ab86fe88b4f9cb4327cb8fbd85968_mv2.jpg/v1/fit/w_480,h_361,q_90,enc_avif,quality_auto/3a7434_b07ab86fe88b4f9cb4327cb8fbd85968_mv2.jpg]
[static.wixstatic.com/media/3a7434_9ecbbfb31d4d4308a9aec5178ab7cd09_mv2.png/v1/fit/w_480,h_268,q_90,enc_avif,quality_auto/3a7434_9ecbbfb31d4d4308a9aec5178ab7cd09_mv2.png]
[static.wixstatic.com/media/3a7434_d650b0eeef574329aebebf5a326e8443_mv2.jpg/v1/fit/w_480,h_361,q_90,enc_avif,quality_auto/3a7434_d650b0eeef574329aebebf5a326e8443_mv2.jpg]
[static.wixstatic.com/media/3a7434_fbaff56696db446fbbfdc41760e30416_mv2.jpg/v1/fit/w_480,h_360,q_90,enc_avif,quality_auto/3a7434_fbaff56696db446fbbfdc41760e30416_mv2.jpg]
[static.wixstatic.com/media/3a7434_f5f558c6ab3243ddb4a67e5418e3552b_mv2.jpg/v1/fit/w_480,h_640,q_90,enc_avif,quality_auto/3a7434_f5f558c6ab3243ddb4a67e5418e3552b_mv2.jpg]
[static.wixstatic.com/media/3a7434_c5aeead2adf748ce82024c9392484369_mv2.png/v1/fit/w_480,h_272,q_90,enc_avif,quality_auto/3a7434_c5aeead2adf748ce82024c9392484369_mv2.png]
[static.wixstatic.com/media/3a7434_5aa86b4bd69b48e5b2cef111696539e5_mv2.jpg/v1/fit/w_480,h_360,q_90,enc_avif,quality_auto/3a7434_5aa86b4bd69b48e5b2cef111696539e5_mv2.jpg]
[static.wixstatic.com/media/3a7434_c8bb428f6ae14547ba15099f922d74ba_mv2.jpg/v1/fit/w_960,h_641,q_90,enc_avif,quality_auto/3a7434_c8bb428f6ae14547ba15099f922d74ba_mv2.jpg]
[static.wixstatic.com/media/3a7434_370d138c34b64d0c9520b41781a59819_mv2.jpg/v1/fit/w_480,h_320,q_90,enc_avif,quality_auto/3a7434_370d138c34b64d0c9520b41781a59819_mv2.jpg]
[static.wixstatic.com/media/3a7434_18cc7180540141df90876db2dbdd55f6_mv2.jpg/v1/fit/w_480,h_361,q_90,enc_avif,quality_auto/3a7434_18cc7180540141df90876db2dbdd55f6_mv2.jpg]
[static.wixstatic.com/media/3a7434_0c88c37cd7964dbba4b6b44ff9626d80_mv2.jpg/v1/fill/w_147,h_98,al_c,q_80,usm_0.66_1.00_0.01,blur_2,enc_avif,quality_auto/3a7434_0c88c37cd7964dbba4b6b44ff9626d80_mv2.jpg]
[static.wixstatic.com/media/3a7434_0e076c5132ba4cd0a89d4c6fddd6fbf5_mv2.jpg/v1/fill/w_147,h_43,al_c,q_80,usm_0.66_1.00_0.01,blur_2,enc_avif,quality_auto/3a7434_0e076c5132ba4cd0a89d4c6fddd6fbf5_mv2.jpg]
[static.wixstatic.com/media/3a7434_cdc5fb5bb85b4a4cbc55a1bbeac1347a_mv2.jpg/v1/fill/w_123,h_92,al_c,q_80,usm_0.66_1.00_0.01,blur_2,enc_avif,quality_auto/3a7434_cdc5fb5bb85b4a4cbc55a1bbeac1347a_mv2.jpg]
[www.repixs.com/drone.html]
[static.wixstatic.com/media/3a7434_d98c73d5d2a846bd958228f35c68f486_mv2.jpg/v1/fill/w_82,h_54,al_c,q_80,usm_0.66_1.00_0.01,blur_2,enc_avif,quality_auto/3a7434_d98c73d5d2a846bd958228f35c68f486_mv2.jpg]
[static.wixstatic.com/media/3a7434_041f8be70203406ebaef9715021d51de_mv2.png/v1/fill/w_782,h_390,al_c,q_85,usm_0.66_1.00_0.01,enc_avif,quality_auto/Screen Shot 2022-04-14 at 12_44_32 PM.png]
[static.wixstatic.com/media/3a7434_866e432700b445b68973f3da4141e7f8_mv2.png/v1/fill/w_159,h_65,al_c,q_85,usm_0.66_1.00_0.01,enc_avif,quality_auto/levis.png]
[static.wixstatic.com/media/3a7434_269353165db14a39ad49fd4aa97d4de6_mv2.png/v1/fill/w_214,h_214,al_c,q_85,usm_0.66_1.00_0.01,enc_avif,quality_auto/Keen.png]
[static.wixstatic.com/media/3a7434_3457aa1d3c124bea9f4f3442ed5812c0_mv2.png/v1/fill/w_200,h_200,al_c,q_85,usm_0.66_1.00_0.01,enc_avif,quality_auto/starbucks.png]
[static.wixstatic.com/media/3a7434_50625de402b0467a8227c6a3f983dcb1_mv2.png/v1/fill/w_214,h_90,al_c,q_85,usm_0.66_1.00_0.01,enc_avif,quality_auto/chick-fil-a-blacktop-creative-png-logo-3.png]
[static.wixstatic.com/media/3a7434_7ef25b23a1be462294786bb605fd96ba_mv2.png/v1/fill/w_266,h_266,al_c,q_85,usm_0.66_1.00_0.01,enc_avif,quality_auto/us-bank-logo-black-and-white.png]
[static.wixstatic.com/media/3a7434_114ed57b3d1a4cac85cafba7f0e09a1c_mv2.png/v1/fill/w_192,h_79,al_c,q_85,usm_0.66_1.00_0.01,enc_avif,quality_auto/The knot.png]
[static.wixstatic.com/media/3a7434_47c2e018a7914af0a94a20fc60101649_mv2.png/v1/fill/w_197,h_147,al_c,q_85,usm_0.66_1.00_0.01,enc_avif,quality_auto/airbnb-logo-white.png]
[static.wixstatic.com/media/3a7434_06aef62b407141b3ba6cee76f97abcc6_mv2.png/v1/fill/w_161,h_56,al_c,q_85,usm_0.66_1.00_0.01,enc_avif,quality_auto/Logo_NIKE_svg.png]
[static.wixstatic.com/media/3a7434_eeacb35b8b0f41d687d5e5794741ceb0_mv2.png/v1/fill/w_123,h_69,al_c,q_85,usm_0.66_1.00_0.01,blur_2,enc_avif,quality_auto/3a7434_eeacb35b8b0f41d687d5e5794741ceb0_mv2.png]
[static.wixstatic.com/media/3a7434_f57aacd99af9429cb3c5d07f1f5d1fbe_mv2.jpg/v1/fill/w_61,h_41,al_c,q_80,usm_0.66_1.00_0.01,blur_2,enc_avif,quality_auto/3a7434_f57aacd99af9429cb3c5d07f1f5d1fbe_mv2.jpg]
[static.wixstatic.com/media/3a7434_29cdb833a5b44d86bc81a365008059bc_mv2.jpg/v1/fill/w_61,h_41,al_c,q_80,usm_0.66_1.00_0.01,blur_2,enc_avif,quality_auto/3a7434_29cdb833a5b44d86bc81a365008059bc_mv2.jpg]
[static.wixstatic.com/media/3a7434_d8e7dd6ef8164fb19dd5892408a501be_mv2.jpg/v1/fill/w_123,h_92,al_c,q_80,usm_0.66_1.00_0.01,blur_2,enc_avif,quality_auto/3a7434_d8e7dd6ef8164fb19dd5892408a501be_mv2.jpg]
[www.repixs.com/3d-matterport.html]
[static.wixstatic.com/media/3a7434_e83f42bb7f214e0f945ba5e800055486_mv2.jpg/v1/fill/w_147,h_88,al_c,q_80,usm_0.66_1.00_0.01,blur_2,enc_avif,quality_auto/3a7434_e83f42bb7f214e0f945ba5e800055486_mv2.jpg]
[static.wixstatic.com/media/3a7434_5ed0b178c7584fc992a61b0ba802c5ab_mv2.png/v1/fill/w_49,h_25,al_c,q_85,usm_0.66_1.00_0.01,blur_2,enc_avif,quality_auto/3a7434_5ed0b178c7584fc992a61b0ba802c5ab_mv2.png]
[static.wixstatic.com/media/3a7434_daf2684bacac4b0db69bf0b50c578d3a_mv2.png/v1/fill/w_49,h_17,al_c,q_85,usm_0.66_1.00_0.01,blur_2,enc_avif,quality_auto/3a7434_daf2684bacac4b0db69bf0b50c578d3a_mv2.png]
[static.wixstatic.com/media/3a7434_58128d72c2c24217b06b76e5e948a1f5_mv2.png/v1/fill/w_49,h_22,al_c,q_85,usm_0.66_1.00_0.01,blur_2,enc_avif,quality_auto/3a7434_58128d72c2c24217b06b76e5e948a1f5_mv2.png]
[static.wixstatic.com/media/3a7434_0fb1137f85f74237977b333a37c88536_mv2.png/v1/fill/w_82,h_46,al_c,q_85,usm_0.66_1.00_0.01,blur_2,enc_avif,quality_auto/3a7434_0fb1137f85f74237977b333a37c88536_mv2.png]
[static.wixstatic.com/media/3a7434_727dddf84271463d9f13f2afd7e51f09_mv2.jpg/v1/fill/w_123,h_163,al_c,q_80,usm_0.66_1.00_0.01,blur_2,enc_avif,quality_auto/3a7434_727dddf84271463d9f13f2afd7e51f09_mv2.jpg]
[www.repixs.com/add-ons.html]
[www.repixs.com/blog/categories/tips-and-tricks/page/C,location.html]
[www.repixs.com/blog/categories/tips-and-tricks/page/t.html]
[www.repixs.com/blog/categories/tips-and-tricks/page/o.html]
[www.repixs.com/blog/categories/tips-and-tricks/page/3.html]
[www.repixs.com/blog/categories/tips-and-tricks/page/4.html]
[static.wixstatic.com/media/3a7434_d3de9c8519cf49f4a8b375022fb90946_mv2.png/v1/fill/w_49,h_28,al_c,q_85,usm_0.66_1.00_0.01,blur_2,enc_avif,quality_auto/3a7434_d3de9c8519cf49f4a8b375022fb90946_mv2.png]
[static.wixstatic.com/media/3a7434_b080a4e03ecf4f928e95c9c08c8089b8_mv2.png/v1/fill/w_49,h_49,al_c,q_85,usm_0.66_1.00_0.01,blur_2,enc_avif,quality_auto/3a7434_b080a4e03ecf4f928e95c9c08c8089b8_mv2.png]
[static.wixstatic.com/media/3a7434_b3d811fb87a34394ac5c7e8d8900c7b7_mv2.png/v1/fill/w_141,h_250,fp_0.50_0.50,blur_30/3a7434_b3d811fb87a34394ac5c7e8d8900c7b7_mv2.png]
[static.wixstatic.com/media/3a7434_b3d811fb87a34394ac5c7e8d8900c7b7_mv2.png/v1/fill/w_490,h_872,fp_0.50_0.50/3a7434_b3d811fb87a34394ac5c7e8d8900c7b7_mv2.png]
[static.wixstatic.com/media/3a7434_3dae08cdc1f64e63a4d50c02cb306dbc_mv2.png/v1/fill/w_141,h_250,fp_0.50_0.50,blur_30/3a7434_3dae08cdc1f64e63a4d50c02cb306dbc_mv2.png]
[static.wixstatic.com/media/3a7434_3dae08cdc1f64e63a4d50c02cb306dbc_mv2.png/v1/fill/w_490,h_872,fp_0.50_0.50/3a7434_3dae08cdc1f64e63a4d50c02cb306dbc_mv2.png]
[static.wixstatic.com/media/3a7434_ca592b9ca20b4d40be8384ca1f0ea9da_mv2.png/v1/fill/w_49,h_16,al_c,q_85,usm_0.66_1.00_0.01,blur_2,enc_avif,quality_auto/3a7434_ca592b9ca20b4d40be8384ca1f0ea9da_mv2.png]
[www.repixs.com/blog/tags/planning.html]
[www.repixs.com/post/tools-you-need-to-succeed-in-2022.html]
[www.repixs.com/post/caption-writing-content-planning.html]
[www.repixs.com/post/3-apps-to-improve-social-media.html]
[www.repixs.com/blog/tags/intentional-living.html]
[static.wixstatic.com/media/3a7434_a733c43095d14f5bacf14213a47dd8cd_mv2.png/v1/fill/w_49,h_28,al_c,q_85,usm_0.66_1.00_0.01,blur_2,enc_avif,quality_auto/3a7434_a733c43095d14f5bacf14213a47dd8cd_mv2.png]
[static.wixstatic.com/media/3a7434_07cc45dc67e642d88abf87989bb477c7_mv2.png/v1/fill/w_49,h_28,al_c,q_85,usm_0.66_1.00_0.01,blur_2,enc_avif,quality_auto/3a7434_07cc45dc67e642d88abf87989bb477c7_mv2.png]
[www.repixs.com/post/auditing-your-instagram.html]
[www.repixs.com/post/why-you-should-use-3d-matterport-tours-on-your-listings-in-2021.html]
[www.repixs.com/blog/tags/instagram.html]
[static.wixstatic.com/media/3a7434_b30b8af4ab704c29b150b9ef7bf39f7d_mv2.png/v1/fill/w_49,h_28,al_c,q_85,usm_0.66_1.00_0.01,blur_2,enc_avif,quality_auto/3a7434_b30b8af4ab704c29b150b9ef7bf39f7d_mv2.png]
[static.wixstatic.com/media/3a7434_62af66d3111d43a5a69bc6d2b82c6ac3_mv2.png/v1/fill/w_49,h_28,al_c,q_85,usm_0.66_1.00_0.01,blur_2,enc_avif,quality_auto/3a7434_62af66d3111d43a5a69bc6d2b82c6ac3_mv2.png]
[static.wixstatic.com/media/3a7434_6e8820c48ffc41e78f0331d8b76c7b74_mv2.png/v1/fill/w_49,h_28,al_c,q_85,usm_0.66_1.00_0.01,blur_2,enc_avif,quality_auto/3a7434_6e8820c48ffc41e78f0331d8b76c7b74_mv2.png]
[static.wixstatic.com/media/17bf13_9622b9f35d154b6f9a76823d87bfa108_mv2.png/v1/fill/w_49,h_28,al_c,q_85,usm_0.66_1.00_0.01,blur_2,enc_avif,quality_auto/17bf13_9622b9f35d154b6f9a76823d87bfa108_mv2.png]
[www.repixs.com/post/instagram-marketing-secrets.html]
[www.repixs.com/blog/categories/tips-and-tricks/page/${s.html]
[www.repixs.com/blog/categories/tips-and-tricks/page/window.location.html]
[www.repixs.com/blog/categories/tips-and-tricks/page/robots.html]
[www.repixs.com/blog/categories/tips-and-tricks/page/sitemap.html]
[www.repixs.com/blog/categories/tips-and-tricks/page/feed.html]
[www.repixs.com/blog/categories/tips-and-tricks/page/e.html]
[www.repixs.com/blog/tags/virtual-tours.html]
[www.repixs.com/post/instagram-for-realtors.html]
[www.repixs.com/blog/hashtags/1.html]
[www.repixs.com/blog/hashtags/2.html]
[www.repixs.com/blog/hashtags/3.html]
[www.repixs.com/blog/hashtags/4.html]
[www.repixs.com/profile/ad00939b-8268-42c8-a333-7c23fb395123/C,location.html]
[www.repixs.com/profile/ad00939b-8268-42c8-a333-7c23fb395123/t.html]
[www.repixs.com/profile/ad00939b-8268-42c8-a333-7c23fb395123/o.html]
[www.repixs.com/profile/ad00939b-8268-42c8-a333-7c23fb395123/${s.html]
[www.repixs.com/profile/ad00939b-8268-42c8-a333-7c23fb395123/window.location.html]
[www.repixs.com/profile/ad00939b-8268-42c8-a333-7c23fb395123/sitemap.html]
[www.repixs.com/profile/ad00939b-8268-42c8-a333-7c23fb395123/feed.html]
[www.repixs.com/profile/ad00939b-8268-42c8-a333-7c23fb395123/e.html]
[www.repixs.com/zillow-masterclass.html]
[www.repixs.com/profile/amanda/C,location.html]
[www.repixs.com/profile/amanda/t.html]
[www.repixs.com/profile/amanda/o.html]
[www.repixs.com/profile/ad00939b-8268-42c8-a333-7c23fb395123/robots.txt]
[www.repixs.com/blog/hashtags/realestate.html]
[www.repixs.com/blog/hashtags/realtor.html]
[www.repixs.com/post/how-and-when-should-i-be-utilizing-instagram.html]
[www.repixs.com/profile/amanda/${s.html]
[www.repixs.com/profile/amanda/window.location.html]
[www.repixs.com/profile/amanda/robots.html]
[www.repixs.com/profile/amanda/sitemap.html]
[www.repixs.com/profile/amanda/feed.html]
[www.repixs.com/profile/amanda/e.html]
[www.repixs.com/chris-hancock.html]
[www.repixs.com/sam-norwood.html]
[www.repixs.com/blog/tags/special-projects.html]
[www.repixs.com/blog/tags/twilight-photos.html]
[www.repixs.com/profile/2ed2cc32-e621-4e24-ad76-b03b2270ea6c/C,location.html]
[www.repixs.com/profile/2ed2cc32-e621-4e24-ad76-b03b2270ea6c/t.html]
[www.repixs.com/profile/2ed2cc32-e621-4e24-ad76-b03b2270ea6c/o.html]
[www.repixs.com/blog/hashtags/realestateagent.html]
[static.wixstatic.com/media/0e433a_91bb3ab5c34643ba9943ae3a861f41fb_mv2.jpg/v1/fill/w_147,h_98,al_c,q_80,usm_0.66_1.00_0.01,blur_2,enc_avif,quality_auto/0e433a_91bb3ab5c34643ba9943ae3a861f41fb_mv2.jpg]
[static.wixstatic.com/media/0e433a_8b6dd3fe919d497a9209e227a2fafa2f_mv2.jpg/v1/fill/w_147,h_98,al_c,q_80,usm_0.66_1.00_0.01,blur_2,enc_avif,quality_auto/0e433a_8b6dd3fe919d497a9209e227a2fafa2f_mv2.jpg]
[i.vimeocdn.com/video/908956933_295x166.jpg]
[static.wixstatic.com/media/0e433a_c5f18844e5a6405ba127da1c959691b2_mv2.jpg/v1/fill/w_147,h_196,al_c,q_80,usm_0.66_1.00_0.01,blur_2,enc_avif,quality_auto/0e433a_c5f18844e5a6405ba127da1c959691b2_mv2.jpg]
[static.wixstatic.com/media/0e433a_68bb9dadf1ef47c58b8cf108219dc031_mv2.jpg/v1/fill/w_147,h_73,al_c,q_80,usm_0.66_1.00_0.01,blur_2,enc_avif,quality_auto/0e433a_68bb9dadf1ef47c58b8cf108219dc031_mv2.jpg]
[static.wixstatic.com/media/0e433a_b8a6846885214488853ff581f318f479_mv2.jpg/v1/fill/w_162,h_51,al_c,q_80,usm_0.66_1.00_0.01,blur_2,enc_avif,quality_auto/0e433a_b8a6846885214488853ff581f318f479_mv2.jpg]
[static.wixstatic.com/media/0e433a_eac602cce04c42edb5d9963787323c21_mv2.png/v1/fill/w_49,h_28,al_c,q_85,usm_0.66_1.00_0.01,blur_2,enc_avif,quality_auto/0e433a_eac602cce04c42edb5d9963787323c21_mv2.png]
[static.wixstatic.com/media/0e433a_93f2583368334077b6e50fdc790df48b_mv2.jpg/v1/fill/w_147,h_103,al_c,q_80,usm_0.66_1.00_0.01,blur_2,enc_avif,quality_auto/0e433a_93f2583368334077b6e50fdc790df48b_mv2.jpg]
[static.wixstatic.com/media/0e433a_f49a626babfa4c3ea514feaa2ba03ecc_mv2.jpg/v1/fill/w_153,h_86,al_c,q_80,usm_0.66_1.00_0.01,blur_2,enc_avif,quality_auto/0e433a_f49a626babfa4c3ea514feaa2ba03ecc_mv2.jpg]
[static.wixstatic.com/media/0e433a_0a1ad333691947f689c66da4b6232bdc_mv2.jpg/v1/fill/w_147,h_98,al_c,q_80,usm_0.66_1.00_0.01,blur_2,enc_avif,quality_auto/0e433a_0a1ad333691947f689c66da4b6232bdc_mv2.jpg]
[static.wixstatic.com/media/0e433a_27a43e8d54f843e0b7853bcd2f0d0eff_mv2.jpg/v1/fill/w_147,h_98,al_c,q_80,usm_0.66_1.00_0.01,blur_2,enc_avif,quality_auto/0e433a_27a43e8d54f843e0b7853bcd2f0d0eff_mv2.jpg]
[static.wixstatic.com/media/0e433a_ca52d4ec20bc44e2b463ac4286f2cb14_mv2.jpg/v1/fill/w_147,h_98,al_c,q_80,usm_0.66_1.00_0.01,blur_2,enc_avif,quality_auto/0e433a_ca52d4ec20bc44e2b463ac4286f2cb14_mv2.jpg]
[static.wixstatic.com/media/0e433a_9bf4860355944d2fa839f80d35502fc1_mv2.jpg/v1/fill/w_147,h_34,al_c,q_80,usm_0.66_1.00_0.01,blur_2,enc_avif,quality_auto/0e433a_9bf4860355944d2fa839f80d35502fc1_mv2.jpg]
[static.wixstatic.com/media/a27d24_1ad091b2259a4529bd797a274bb3eef7_mv2.jpg/v1/fill/w_147,h_98,al_c,q_80,usm_0.66_1.00_0.01,blur_2,enc_avif,quality_auto/a27d24_1ad091b2259a4529bd797a274bb3eef7_mv2.jpg]
[static.wixstatic.com/media/0e433a_94ff4fc899a143d191bd5948d60b28e4_mv2.jpg/v1/fill/w_147,h_86,al_c,q_80,usm_0.66_1.00_0.01,blur_2,enc_avif,quality_auto/0e433a_94ff4fc899a143d191bd5948d60b28e4_mv2.jpg]
[static.wixstatic.com/media/0e433a_8a26d96c4f964119b5b3b09652d67b67_mv2.jpg/v1/fill/w_147,h_119,al_c,q_80,usm_0.66_1.00_0.01,blur_2,enc_avif,quality_auto/0e433a_8a26d96c4f964119b5b3b09652d67b67_mv2.jpg]
[static.wixstatic.com/media/a27d24_bd81ec6977924311869999412505b77d_mv2.jpg/v1/fill/w_147,h_103,al_c,q_80,usm_0.66_1.00_0.01,blur_2,enc_avif,quality_auto/a27d24_bd81ec6977924311869999412505b77d_mv2.jpg]
[static.wixstatic.com/media/0e433a_dd0f975b9b5147338a3aecd7fc58c345_mv2.png/v1/fill/w_49,h_28,al_c,q_85,usm_0.66_1.00_0.01,blur_2,enc_avif,quality_auto/0e433a_dd0f975b9b5147338a3aecd7fc58c345_mv2.png]
[www.repixs.com/post/welcome-to-flight-school.html]
[www.repixs.com/profile/2ed2cc32-e621-4e24-ad76-b03b2270ea6c/${s.html]
[www.repixs.com/profile/2ed2cc32-e621-4e24-ad76-b03b2270ea6c/window.location.html]
[www.repixs.com/profile/2ed2cc32-e621-4e24-ad76-b03b2270ea6c/robots.html]
[www.repixs.com/profile/2ed2cc32-e621-4e24-ad76-b03b2270ea6c/sitemap.html]
[www.repixs.com/profile/2ed2cc32-e621-4e24-ad76-b03b2270ea6c/feed.html]
[www.repixs.com/profile/2ed2cc32-e621-4e24-ad76-b03b2270ea6c/e.html]
[static.wixstatic.com/media/3a7434_04598c3f9e3a44da9fdcf094b3c9f629_mv2.jpg/v1/fill/w_81,h_54,al_c,q_80,usm_0.66_1.00_0.01,blur_2,enc_avif,quality_auto/3a7434_04598c3f9e3a44da9fdcf094b3c9f629_mv2.jpg]
[static.wixstatic.com/media/3a7434_416778caf7b649fbab84a8c69723a1b7_mv2.jpg/v1/fill/w_371,h_266,q_90,enc_avif,quality_auto/3a7434_416778caf7b649fbab84a8c69723a1b7_mv2.jpg]
[static.wixstatic.com/media/3a7434_940852e066cb49b893b4fea1f347c280_mv2.jpg/v1/fill/w_371,h_278,q_90,enc_avif,quality_auto/3a7434_940852e066cb49b893b4fea1f347c280_mv2.jpg]
[static.wixstatic.com/media/3a7434_50b96a127a8a44dfbb47d8ee150a37ae_mv2.jpg/v1/fill/w_411,h_549,q_90,enc_avif,quality_auto/3a7434_50b96a127a8a44dfbb47d8ee150a37ae_mv2.jpg]
[static.wixstatic.com/media/3a7434_3a6bf3d10e584378a0f564aa128f50f2_mv2.jpg/v1/fit/w_480,h_344,q_90,enc_avif,quality_auto/3a7434_3a6bf3d10e584378a0f564aa128f50f2_mv2.jpg]
[static.wixstatic.com/media/3a7434_31aae233a0694f019bc45811fd10de23_mv2.jpg/v1/fit/w_480,h_515,q_90,enc_avif,quality_auto/3a7434_31aae233a0694f019bc45811fd10de23_mv2.jpg]
[static.wixstatic.com/media/3a7434_da70b9bb1a764847a8b28e0c34d793da_mv2.jpg/v1/fit/w_480,h_515,q_90,enc_avif,quality_auto/3a7434_da70b9bb1a764847a8b28e0c34d793da_mv2.jpg]
[static.wixstatic.com/media/3a7434_fa47b6eb03e945f8bab1c80dc454d902_mv2.jpg/v1/fit/w_480,h_344,q_90,enc_avif,quality_auto/3a7434_fa47b6eb03e945f8bab1c80dc454d902_mv2.jpg]
[static.wixstatic.com/media/3a7434_edfac8fc91824a3d933c5690247c1c32_mv2.jpg/v1/fit/w_480,h_344,q_90,enc_avif,quality_auto/3a7434_edfac8fc91824a3d933c5690247c1c32_mv2.jpg]
[static.wixstatic.com/media/3a7434_17e574e42a2040b18080859f7cb80499_mv2.jpg/v1/fit/w_480,h_515,q_90,enc_avif,quality_auto/3a7434_17e574e42a2040b18080859f7cb80499_mv2.jpg]
[static.wixstatic.com/media/3a7434_74fc5c11de1b4d9eb017afec61ef09f2_mv2.jpg/v1/fit/w_480,h_515,q_90,enc_avif,quality_auto/3a7434_74fc5c11de1b4d9eb017afec61ef09f2_mv2.jpg]
[static.wixstatic.com/media/3a7434_1b1a86fe9ccc4ca7bc0b0a8806b53afd_mv2.jpg/v1/fit/w_480,h_344,q_90,enc_avif,quality_auto/3a7434_1b1a86fe9ccc4ca7bc0b0a8806b53afd_mv2.jpg]
[static.wixstatic.com/media/3a7434_6d9ed5adbf254274989fe4751040490a_mv2.jpg/v1/fit/w_480,h_344,q_90,enc_avif,quality_auto/3a7434_6d9ed5adbf254274989fe4751040490a_mv2.jpg]
[static.wixstatic.com/media/3a7434_7f61bff3f62e4626bc5dddf286fdbee7_mv2.jpg/v1/fit/w_480,h_515,q_90,enc_avif,quality_auto/3a7434_7f61bff3f62e4626bc5dddf286fdbee7_mv2.jpg]
[static.wixstatic.com/media/3a7434_7ffa3abbcaf44f81b07009e3832ebb0e_mv2.jpg/v1/fit/w_480,h_920,q_90,enc_avif,quality_auto/3a7434_7ffa3abbcaf44f81b07009e3832ebb0e_mv2.jpg]
[static.wixstatic.com/media/3a7434_3811a5ce133140d3a4f56ed4f9a2170a_mv2.jpg/v1/fit/w_960,h_914,q_90,enc_avif,quality_auto/3a7434_3811a5ce133140d3a4f56ed4f9a2170a_mv2.jpg]
[static.wixstatic.com/media/3a7434_be3b17feb1af48c2a72d00058377dcaf_mv2.jpg/v1/fit/w_480,h_920,q_90,enc_avif,quality_auto/3a7434_be3b17feb1af48c2a72d00058377dcaf_mv2.jpg]
[static.wixstatic.com/media/3a7434_539a66efcbb545328424a10b46c042fd_mv2.jpg/v1/fit/w_960,h_914,q_90,enc_avif,quality_auto/3a7434_539a66efcbb545328424a10b46c042fd_mv2.jpg]
[static.wixstatic.com/media/3a7434_795ff6c34dc94edf9507f6523ab3eec3_mv2.jpg/v1/fill/w_137,h_92,al_c,q_80,usm_0.66_1.00_0.01,blur_2,enc_avif,quality_auto/3a7434_795ff6c34dc94edf9507f6523ab3eec3_mv2.jpg]
[www.repixs.com/sebastian.html]
[www.repixs.com/patrick-treadway.html]
[static.wixstatic.com/media/3a7434_b017bcd0d4794875a70e2ea1f6795c45_mv2.jpg/v1/fill/w_81,h_78,al_c,q_80,usm_0.66_1.00_0.01,blur_2,enc_avif,quality_auto/3a7434_b017bcd0d4794875a70e2ea1f6795c45_mv2.jpg]
[static.wixstatic.com/media/3a7434_c90768addadc40d6be1aa9b411900365_mv2.jpg/v1/fit/w_901,h_902,q_90,enc_avif,quality_auto/3a7434_c90768addadc40d6be1aa9b411900365_mv2.jpg]
[static.wixstatic.com/media/3a7434_9116c62d11c14caeb6a7eaf1b80b755c_mv2.jpg/v1/fit/w_480,h_642,q_90,enc_avif,quality_auto/3a7434_9116c62d11c14caeb6a7eaf1b80b755c_mv2.jpg]
[static.wixstatic.com/media/3a7434_fd154942af4c4998948ebde8db16975a_mv2.jpg/v1/fit/w_480,h_640,q_90,enc_avif,quality_auto/3a7434_fd154942af4c4998948ebde8db16975a_mv2.jpg]
[static.wixstatic.com/media/3a7434_4b0de2dc1d4e4f67b91cace758f06e64_mv2.jpg/v1/fit/w_480,h_720,q_90,enc_avif,quality_auto/3a7434_4b0de2dc1d4e4f67b91cace758f06e64_mv2.jpg]
[static.wixstatic.com/media/3a7434_0c39591e58b34d39ae9bf5870ccf5e0b_mv2.jpg/v1/fit/w_480,h_640,q_90,enc_avif,quality_auto/3a7434_0c39591e58b34d39ae9bf5870ccf5e0b_mv2.jpg]
[static.wixstatic.com/media/3a7434_82577ec7ff574485b5f7cf7161d27ebe_mv2.jpg/v1/fit/w_480,h_361,q_90,enc_avif,quality_auto/3a7434_82577ec7ff574485b5f7cf7161d27ebe_mv2.jpg]
[static.wixstatic.com/media/3a7434_7980dac4772f4ad0bfcfe60f483bf4a6_mv2.jpg/v1/fit/w_480,h_640,q_90,enc_avif,quality_auto/3a7434_7980dac4772f4ad0bfcfe60f483bf4a6_mv2.jpg]
[static.wixstatic.com/media/3a7434_ff878e5058a54e819d9d635918bec40e_mv2.jpg/v1/fit/w_480,h_425,q_90,enc_avif,quality_auto/3a7434_ff878e5058a54e819d9d635918bec40e_mv2.jpg]
[static.wixstatic.com/media/3a7434_73789a7359ea454198abfbf6f866bef8_mv2.png/v1/fit/w_480,h_639,q_90,enc_avif,quality_auto/3a7434_73789a7359ea454198abfbf6f866bef8_mv2.png]
[static.wixstatic.com/media/3a7434_5e3baeb51e334d23a51790ddb85d4818_mv2.jpg/v1/fit/w_480,h_639,q_90,enc_avif,quality_auto/3a7434_5e3baeb51e334d23a51790ddb85d4818_mv2.jpg]
[static.wixstatic.com/media/3a7434_4c579e55190e4fc9925ffd3776f2fe28_mv2.jpg/v1/fit/w_480,h_425,q_90,enc_avif,quality_auto/3a7434_4c579e55190e4fc9925ffd3776f2fe28_mv2.jpg]
[static.wixstatic.com/media/3a7434_b07ab86fe88b4f9cb4327cb8fbd85968_mv2.jpg/v1/fit/w_480,h_425,q_90,enc_avif,quality_auto/3a7434_b07ab86fe88b4f9cb4327cb8fbd85968_mv2.jpg]
[static.wixstatic.com/media/3a7434_e1cc2e48ad6148feb0334f0bbe2a678f_mv2.jpg/v1/fit/w_480,h_639,q_90,enc_avif,quality_auto/3a7434_e1cc2e48ad6148feb0334f0bbe2a678f_mv2.jpg]
[static.wixstatic.com/media/3a7434_1abfab7a53ef433f9d91e2eaadccb473_mv2.jpg/v1/fit/w_480,h_639,q_90,enc_avif,quality_auto/3a7434_1abfab7a53ef433f9d91e2eaadccb473_mv2.jpg]
[static.wixstatic.com/media/3a7434_892e50ff1270412b949a6779940072d9_mv2.jpg/v1/fit/w_480,h_425,q_90,enc_avif,quality_auto/3a7434_892e50ff1270412b949a6779940072d9_mv2.jpg]
[static.wixstatic.com/media/3a7434_43561551e70343278c5f37ebf7a6a3fc_mv2.jpg/v1/fit/w_480,h_425,q_90,enc_avif,quality_auto/3a7434_43561551e70343278c5f37ebf7a6a3fc_mv2.jpg]
[static.wixstatic.com/media/3a7434_3f8ed852f5e645ec873fa549836bcd7b_mv2.jpg/v1/fit/w_480,h_639,q_90,enc_avif,quality_auto/3a7434_3f8ed852f5e645ec873fa549836bcd7b_mv2.jpg]
[static.wixstatic.com/media/3a7434_9fb82f26e55f4bcf85a51991e995ca4b_mv2.jpg/v1/fit/w_480,h_639,q_90,enc_avif,quality_auto/3a7434_9fb82f26e55f4bcf85a51991e995ca4b_mv2.jpg]
[static.wixstatic.com/media/3a7434_33c967de57264a6a91093a5ad9b6adde_mv2.jpg/v1/fit/w_480,h_425,q_90,enc_avif,quality_auto/3a7434_33c967de57264a6a91093a5ad9b6adde_mv2.jpg]
[static.wixstatic.com/media/3a7434_3440bfef867c4b36a41fdfce438b11a5_mv2.jpg/v1/fit/w_480,h_425,q_90,enc_avif,quality_auto/3a7434_3440bfef867c4b36a41fdfce438b11a5_mv2.jpg]
[static.wixstatic.com/media/3a7434_d96fe61286e04419ac4697b06a73a06c_mv2.jpg/v1/fit/w_480,h_639,q_90,enc_avif,quality_auto/3a7434_d96fe61286e04419ac4697b06a73a06c_mv2.jpg]
[static.wixstatic.com/media/3a7434_c0c9eff792c34a35beb3655a6ede9357_mv2.jpg/v1/fit/w_480,h_872,q_90,enc_avif,quality_auto/3a7434_c0c9eff792c34a35beb3655a6ede9357_mv2.jpg]
[www.repixs.com/unnamed.45d.delayed]
[static.wixstatic.com/media/3a7434_6b6c0998a98f4b03aba4f0fe9918942e_mv2.jpeg/v1/fit/w_960,h_866,q_90,enc_avif,quality_auto/3a7434_6b6c0998a98f4b03aba4f0fe9918942e_mv2.jpg]
[www.repixs.com/image_6483441.JPG]
[static.wixstatic.com/media/3a7434_aebe3937f46c4ac3830ed8b57f150970_mv2.jpg/v1/fit/w_480,h_872,q_90,enc_avif,quality_auto/3a7434_aebe3937f46c4ac3830ed8b57f150970_mv2.jpg]
[static.wixstatic.com/media/3a7434_ec915192e7b94037a1dde2fe0295b614_mv2.jpg/v1/fit/w_960,h_866,q_90,enc_avif,quality_auto/3a7434_ec915192e7b94037a1dde2fe0295b614_mv2.jpg]
[www.repixs.com/danny.html]
[static.wixstatic.com/media/3a7434_a8eef11e0b094e288b6bb580e4c1b5c0_mv2.jpg/v1/fill/w_61,h_92,al_c,q_80,usm_0.66_1.00_0.01,blur_2,enc_avif,quality_auto/3a7434_a8eef11e0b094e288b6bb580e4c1b5c0_mv2.jpg]
[static.wixstatic.com/media/3a7434_7acc42cc5aad431bbf2f6d7fe0e30723_mv2.jpg/v1/fill/w_211,h_141,q_90,enc_avif,quality_auto/3a7434_7acc42cc5aad431bbf2f6d7fe0e30723_mv2.jpg]
[static.wixstatic.com/media/3a7434_b60b0988e7b34d49827e224e3e62b521_mv2.jpg/v1/fill/w_211,h_141,q_90,enc_avif,quality_auto/3a7434_b60b0988e7b34d49827e224e3e62b521_mv2.jpg]
[static.wixstatic.com/media/3a7434_ce849b880d114d69938ef473cb7421d8_mv2.jpeg/v1/fill/w_427,h_320,q_90,enc_avif,quality_auto/3a7434_ce849b880d114d69938ef473cb7421d8_mv2.jpg]
[static.wixstatic.com/media/3a7434_570aa2438bf34c0fbd42bfba9d58a5b7_mv2.jpg/v1/fill/w_230,h_154,q_90,enc_avif,quality_auto/3a7434_570aa2438bf34c0fbd42bfba9d58a5b7_mv2.jpg]
[static.wixstatic.com/media/3a7434_5ee17b7947b841ed8b2a429a881c0b1a_mv2.jpeg/v1/fill/w_230,h_307,q_90,enc_avif,quality_auto/3a7434_5ee17b7947b841ed8b2a429a881c0b1a_mv2.jpg]
[static.wixstatic.com/media/3a7434_d548c796d9ed43fa94a50370d308d7b2_mv2.jpg/v1/fit/w_480,h_397,q_90,enc_avif,quality_auto/3a7434_d548c796d9ed43fa94a50370d308d7b2_mv2.jpg]
[static.wixstatic.com/media/3a7434_d1e1607f3cd847f6a6876532a9aa5c9a_mv2.jpg/v1/fit/w_480,h_595,q_90,enc_avif,quality_auto/3a7434_d1e1607f3cd847f6a6876532a9aa5c9a_mv2.jpg]
[static.wixstatic.com/media/3a7434_e29ff06a271c457ea9dc49bfc889fe05_mv2.jpg/v1/fit/w_480,h_595,q_90,enc_avif,quality_auto/3a7434_e29ff06a271c457ea9dc49bfc889fe05_mv2.jpg]
[static.wixstatic.com/media/3a7434_19924e29398b4ed492fa95f24a55ed84_mv2.jpg/v1/fit/w_480,h_397,q_90,enc_avif,quality_auto/3a7434_19924e29398b4ed492fa95f24a55ed84_mv2.jpg]
[static.wixstatic.com/media/3a7434_0f23cbb8e6cb41d4a1293921980270fe_mv2.jpg/v1/fit/w_480,h_397,q_90,enc_avif,quality_auto/3a7434_0f23cbb8e6cb41d4a1293921980270fe_mv2.jpg]
[static.wixstatic.com/media/3a7434_4557c873c98e4ac08a5d68d774150476_mv2.jpg/v1/fit/w_480,h_595,q_90,enc_avif,quality_auto/3a7434_4557c873c98e4ac08a5d68d774150476_mv2.jpg]
[static.wixstatic.com/media/3a7434_c79069d0359b45788c3ee377c578314b_mv2.jpg/v1/fit/w_480,h_595,q_90,enc_avif,quality_auto/3a7434_c79069d0359b45788c3ee377c578314b_mv2.jpg]
[static.wixstatic.com/media/3a7434_0e4d4ec79b3b4ef1a878d59fe3ec3dac_mv2.jpg/v1/fit/w_480,h_397,q_90,enc_avif,quality_auto/3a7434_0e4d4ec79b3b4ef1a878d59fe3ec3dac_mv2.jpg]
[static.wixstatic.com/media/3a7434_0b1488c3276c4ac0b9c5749f34f18e6c_mv2.jpg/v1/fit/w_480,h_397,q_90,enc_avif,quality_auto/3a7434_0b1488c3276c4ac0b9c5749f34f18e6c_mv2.jpg]
[static.wixstatic.com/media/3a7434_84944ac8a1f54494b9619ef1a9c0168e_mv2.jpg/v1/fit/w_480,h_595,q_90,enc_avif,quality_auto/3a7434_84944ac8a1f54494b9619ef1a9c0168e_mv2.jpg]
[static.wixstatic.com/media/3a7434_751db6a454304ad3ad35e8a2c4c351cb_mv2.jpg/v1/fit/w_480,h_595,q_90,enc_avif,quality_auto/3a7434_751db6a454304ad3ad35e8a2c4c351cb_mv2.jpg]
[static.wixstatic.com/media/3a7434_e543c8a0709e440a868de8a0fc065027_mv2.jpg/v1/fit/w_480,h_397,q_90,enc_avif,quality_auto/3a7434_e543c8a0709e440a868de8a0fc065027_mv2.jpg]
[static.wixstatic.com/media/3a7434_144776422e9c44fc833a18e0b93038cb_mv2.jpg/v1/fit/w_480,h_396,q_90,enc_avif,quality_auto/3a7434_144776422e9c44fc833a18e0b93038cb_mv2.jpg]
[static.wixstatic.com/media/3a7434_5cea716acb724988bfa56bf0ab16fe85_mv2.jpg/v1/fit/w_480,h_920,q_90,enc_avif,quality_auto/3a7434_5cea716acb724988bfa56bf0ab16fe85_mv2.jpg]
[static.wixstatic.com/media/3a7434_29a22cec61c3416682d008e253064b60_mv2.jpg/v1/fit/w_960,h_914,q_90,enc_avif,quality_auto/3a7434_29a22cec61c3416682d008e253064b60_mv2.jpg]
[static.wixstatic.com/media/3a7434_b7d8cee757134a68bf3844b50b0bf239_mv2.jpg/v1/fit/w_480,h_920,q_90,enc_avif,quality_auto/3a7434_b7d8cee757134a68bf3844b50b0bf239_mv2.jpg]
[static.wixstatic.com/media/3a7434_4d69e06676b647e687576fad50f41d2d_mv2.jpg/v1/fit/w_960,h_914,q_90,enc_avif,quality_auto/3a7434_4d69e06676b647e687576fad50f41d2d_mv2.jpg]
[static.wixstatic.com/media/3a7434_2dd7a38b660a4739b9c6f6f2733b329c_mv2.jpg/v1/fit/w_480,h_920,q_90,enc_avif,quality_auto/3a7434_2dd7a38b660a4739b9c6f6f2733b329c_mv2.jpg]
[www.repixs.com/theo.html]
[www.repixs.com/jon.html]
[www.repixs.com/blog/hashtags/C,location.47b.delayed]
[www.repixs.com/blog/hashtags/t]
[www.repixs.com/blog/hashtags/o]
[www.repixs.com/blog/hashtags/${s.uri}]
[www.repixs.com/blog/hashtags/window.location.href]
[www.repixs.com/blog/hashtags/robots.txt]
[www.repixs.com/blog/hashtags/sitemap.xml]
[www.repixs.com/blog/hashtags/feed.xml]
[www.repixs.com/blog/hashtags/e]
[www.repixs.com/blog/hashtags/zillowcertified.html]
[www.repixs.com/blog/hashtags/zillowphotographer.html]
[www.repixs.com/blog/hashtags/zillow3Dtour.html]
[www.repixs.com/blog/hashtags/zillow3dwalkthrough.html]
[www.repixs.com/blog/hashtags/professionalphotography.html]
[www.repixs.com/blog/hashtags/zillow.html]
[www.repixs.com/blog/tags/C,location.html]
[www.repixs.com/blog/tags/t.html]
[www.repixs.com/blog/tags/o.html]
[www.repixs.com/blog/tags/${s.html]
[www.repixs.com/blog/tags/window.location.html]
[www.repixs.com/blog/tags/robots.html]
[www.repixs.com/blog/tags/sitemap.html]
[www.repixs.com/blog/tags/feed.html]
[www.repixs.com/blog/tags/e.html]
[static.wixstatic.com/media/3a7434_0a689392731f4fb5b328e26d3b5387ac_mv2.png/v1/fill/w_333,h_250,al_c,blur_30/3a7434_0a689392731f4fb5b328e26d3b5387ac_mv2.png]
[static.wixstatic.com/media/3a7434_0a689392731f4fb5b328e26d3b5387ac_mv2.png/v1/fill/w_168,h_126,fp_0.50_0.50/3a7434_0a689392731f4fb5b328e26d3b5387ac_mv2.png]
[static.wixstatic.com/media/3a7434_3afa9554862145928885f6e2178c4fbe_mv2.png/v1/fill/w_280,h_250,al_c,blur_30/3a7434_3afa9554862145928885f6e2178c4fbe_mv2.png]
[static.wixstatic.com/media/3a7434_3afa9554862145928885f6e2178c4fbe_mv2.png/v1/fill/w_141,h_126,fp_0.50_0.50/3a7434_3afa9554862145928885f6e2178c4fbe_mv2.png]
[static.wixstatic.com/media/3a7434_4596d8a25fd94f5680816a23dfd61b85_mv2.jpg/v1/fill/w_188,h_250,al_c,q_30,blur_30/3a7434_4596d8a25fd94f5680816a23dfd61b85_mv2.jpg]
[static.wixstatic.com/media/3a7434_4596d8a25fd94f5680816a23dfd61b85_mv2.jpg/v1/fill/w_95,h_126,fp_0.50_0.50,q_90/3a7434_4596d8a25fd94f5680816a23dfd61b85_mv2.jpg]
[static.wixstatic.com/media/3a7434_95a927c5dae7437b93b98f8afb0701e8_mv2.jpg/v1/fill/w_374,h_250,al_c,q_30,blur_30/3a7434_95a927c5dae7437b93b98f8afb0701e8_mv2.jpg]
[static.wixstatic.com/media/3a7434_95a927c5dae7437b93b98f8afb0701e8_mv2.jpg/v1/fill/w_189,h_126,fp_0.50_0.50,q_90/3a7434_95a927c5dae7437b93b98f8afb0701e8_mv2.jpg]
[static.wixstatic.com/media/3a7434_ed81dd769d1b4837ad72829daaf8813b_mv2.png/v1/fill/w_188,h_250,al_c,blur_30/3a7434_ed81dd769d1b4837ad72829daaf8813b_mv2.png]
[static.wixstatic.com/media/3a7434_ed81dd769d1b4837ad72829daaf8813b_mv2.png/v1/fill/w_95,h_126,fp_0.50_0.50/3a7434_ed81dd769d1b4837ad72829daaf8813b_mv2.png]
[static.wixstatic.com/media/3a7434_a7e46d0cb82a4552bf30100239dcddd6_mv2.png/v1/fill/w_115,h_250,al_c,blur_30/3a7434_a7e46d0cb82a4552bf30100239dcddd6_mv2.png]
[static.wixstatic.com/media/3a7434_a7e46d0cb82a4552bf30100239dcddd6_mv2.png/v1/fill/w_58,h_126,fp_0.50_0.50/3a7434_a7e46d0cb82a4552bf30100239dcddd6_mv2.png]
[static.wixstatic.com/media/3a7434_0b1bda4ba59b472e8df91cfae0887bbb_mv2.jpg/v1/fill/w_136,h_250,al_c,q_30,blur_30/3a7434_0b1bda4ba59b472e8df91cfae0887bbb_mv2.jpg]
[static.wixstatic.com/media/3a7434_0b1bda4ba59b472e8df91cfae0887bbb_mv2.jpg/v1/fill/w_69,h_126,fp_0.50_0.50,q_90/3a7434_0b1bda4ba59b472e8df91cfae0887bbb_mv2.jpg]
[static.wixstatic.com/media/3a7434_02682efced8f4d6fa13d644a71c04254_mv2.jpg/v1/fill/w_314,h_249,al_c,q_30,blur_30/3a7434_02682efced8f4d6fa13d644a71c04254_mv2.jpg]
[static.wixstatic.com/media/3a7434_02682efced8f4d6fa13d644a71c04254_mv2.jpg/v1/fill/w_158,h_126,fp_0.50_0.50,q_90/3a7434_02682efced8f4d6fa13d644a71c04254_mv2.jpg]
[static.wixstatic.com/media/3a7434_0ad2f462897c4cb0adda5c92c79810f1_mv2.jpg/v1/fill/w_311,h_250,al_c,q_30,blur_30/3a7434_0ad2f462897c4cb0adda5c92c79810f1_mv2.jpg]
[static.wixstatic.com/media/3a7434_0ad2f462897c4cb0adda5c92c79810f1_mv2.jpg/v1/fill/w_175,h_141,fp_0.50_0.50,q_90/3a7434_0ad2f462897c4cb0adda5c92c79810f1_mv2.jpg]
[static.wixstatic.com/media/17bf13_733ca675f82e4ff4a57a9fc8fa1eb24e_mv2.jpeg/v1/fill/w_373,h_249,al_c,q_30,blur_30/17bf13_733ca675f82e4ff4a57a9fc8fa1eb24e_mv2.jpg]
[static.wixstatic.com/media/17bf13_733ca675f82e4ff4a57a9fc8fa1eb24e_mv2.jpeg/v1/fill/w_210,h_141,fp_0.50_0.50,q_90/17bf13_733ca675f82e4ff4a57a9fc8fa1eb24e_mv2.jpg]
[static.wixstatic.com/media/3a7434_0465521744644841bd77de802a690053_mv2.jpg/v1/fill/w_202,h_250,al_c,q_30,blur_30/3a7434_0465521744644841bd77de802a690053_mv2.jpg]
[static.wixstatic.com/media/3a7434_0465521744644841bd77de802a690053_mv2.jpg/v1/fill/w_114,h_141,fp_0.50_0.50,q_90/3a7434_0465521744644841bd77de802a690053_mv2.jpg]
[static.wixstatic.com/media/3a7434_11a0b8be6af143fd9e02cc5eeeaf72df_mv2.jpg/v1/fill/w_329,h_250,al_c,q_30,blur_30/3a7434_11a0b8be6af143fd9e02cc5eeeaf72df_mv2.jpg]
[static.wixstatic.com/media/3a7434_11a0b8be6af143fd9e02cc5eeeaf72df_mv2.jpg/v1/fill/w_185,h_141,fp_0.50_0.50,q_90/3a7434_11a0b8be6af143fd9e02cc5eeeaf72df_mv2.jpg]
[static.wixstatic.com/media/3a7434_a6e6a58f74f04f6f935c664c2cc86087_mv2.jpg/v1/fill/w_375,h_250,al_c,q_30,blur_30/3a7434_a6e6a58f74f04f6f935c664c2cc86087_mv2.jpg]
[static.wixstatic.com/media/3a7434_a6e6a58f74f04f6f935c664c2cc86087_mv2.jpg/v1/fill/w_211,h_141,fp_0.50_0.50,q_90/3a7434_a6e6a58f74f04f6f935c664c2cc86087_mv2.jpg]
[static.wixstatic.com/media/3a7434_5e3f025f20aa43fa8334694a056b7abc_mv2.png/v1/fill/w_141,h_250,al_c,blur_30/3a7434_5e3f025f20aa43fa8334694a056b7abc_mv2.png]
[static.wixstatic.com/media/3a7434_5e3f025f20aa43fa8334694a056b7abc_mv2.png/v1/fill/w_80,h_141,fp_0.50_0.50/3a7434_5e3f025f20aa43fa8334694a056b7abc_mv2.png]
[static.wixstatic.com/media/17bf13_d6a8c2a08182440f87d211d5cbdd5d15_mv2.jpeg/v1/fill/w_374,h_250,al_c,q_30,blur_30/17bf13_d6a8c2a08182440f87d211d5cbdd5d15_mv2.jpg]
[static.wixstatic.com/media/17bf13_d6a8c2a08182440f87d211d5cbdd5d15_mv2.jpeg/v1/fill/w_194,h_130,fp_0.50_0.50,q_90/17bf13_d6a8c2a08182440f87d211d5cbdd5d15_mv2.jpg]
[static.wixstatic.com/media/17bf13_59adafa7d6d746dd845cdc02e8b09e56_mv2.jpg/v1/fill/w_374,h_250,al_c,q_30,blur_30/17bf13_59adafa7d6d746dd845cdc02e8b09e56_mv2.jpg]
[static.wixstatic.com/media/17bf13_59adafa7d6d746dd845cdc02e8b09e56_mv2.jpg/v1/fill/w_141,h_94,fp_0.50_0.50,q_90/17bf13_59adafa7d6d746dd845cdc02e8b09e56_mv2.jpg]
[static.wixstatic.com/media/17bf13_b3ced80db7494f2b97bb54800eba7c7f_mv2.jpeg/v1/fill/w_188,h_250,al_c,q_30,blur_30/17bf13_b3ced80db7494f2b97bb54800eba7c7f_mv2.jpg]
[static.wixstatic.com/media/17bf13_b3ced80db7494f2b97bb54800eba7c7f_mv2.jpeg/v1/fill/w_71,h_94,fp_0.50_0.50,q_90/17bf13_b3ced80db7494f2b97bb54800eba7c7f_mv2.jpg]
[static.wixstatic.com/media/17bf13_eff325de41a5449983f4cdce62d9f0a2_mv2.jpeg/v1/fill/w_374,h_250,al_c,q_30,blur_30/17bf13_eff325de41a5449983f4cdce62d9f0a2_mv2.jpg]
[static.wixstatic.com/media/17bf13_eff325de41a5449983f4cdce62d9f0a2_mv2.jpeg/v1/fill/w_141,h_94,fp_0.50_0.50,q_90/17bf13_eff325de41a5449983f4cdce62d9f0a2_mv2.jpg]
[static.wixstatic.com/media/a27d24_bd81ec6977924311869999412505b77d_mv2.jpg/v1/fill/w_355,h_250,al_c,q_30,blur_30/a27d24_bd81ec6977924311869999412505b77d_mv2.jpg]
[static.wixstatic.com/media/a27d24_bd81ec6977924311869999412505b77d_mv2.jpg/v1/fill/w_134,h_94,fp_0.50_0.50,q_90/a27d24_bd81ec6977924311869999412505b77d_mv2.jpg]
[static.wixstatic.com/media/17bf13_e62ac61f87634830a82384722ea1a346_mv2.jpeg/v1/fill/w_374,h_250,al_c,q_30,blur_30/17bf13_e62ac61f87634830a82384722ea1a346_mv2.jpg]
[static.wixstatic.com/media/17bf13_e62ac61f87634830a82384722ea1a346_mv2.jpeg/v1/fill/w_141,h_94,fp_0.50_0.50,q_90/17bf13_e62ac61f87634830a82384722ea1a346_mv2.jpg]
[static.wixstatic.com/media/3a7434_4b39b83b31004cc59a8721d22b8bb2c1_mv2.jpg/v1/fill/w_167,h_250,al_c,q_30,blur_30/3a7434_4b39b83b31004cc59a8721d22b8bb2c1_mv2.jpg]
[static.wixstatic.com/media/3a7434_4b39b83b31004cc59a8721d22b8bb2c1_mv2.jpg/v1/fill/w_63,h_94,fp_0.50_0.50,q_90/3a7434_4b39b83b31004cc59a8721d22b8bb2c1_mv2.jpg]
[static.wixstatic.com/media/3a7434_3319af24a1854e6fb8a3d4f39c7d7d62_mv2.jpeg/v1/fill/w_374,h_250,al_c,q_30,blur_30/3a7434_3319af24a1854e6fb8a3d4f39c7d7d62_mv2.jpg]
[static.wixstatic.com/media/3a7434_3319af24a1854e6fb8a3d4f39c7d7d62_mv2.jpeg/v1/fill/w_141,h_94,fp_0.50_0.50,q_90/3a7434_3319af24a1854e6fb8a3d4f39c7d7d62_mv2.jpg]
[static.wixstatic.com/media/3a7434_0d2c2fa7298e43bda8bbbe4923e32f36_mv2.jpeg/v1/fill/w_374,h_250,al_c,q_30,blur_30/3a7434_0d2c2fa7298e43bda8bbbe4923e32f36_mv2.jpg]
[static.wixstatic.com/media/3a7434_0d2c2fa7298e43bda8bbbe4923e32f36_mv2.jpeg/v1/fill/w_142,h_94,fp_0.50_0.50,q_90/3a7434_0d2c2fa7298e43bda8bbbe4923e32f36_mv2.jpg]
[static.wixstatic.com/media/17bf13_e446f467af86438ab576315f8487309b_mv2.jpeg/v1/fill/w_374,h_250,al_c,q_30,blur_30/17bf13_e446f467af86438ab576315f8487309b_mv2.jpg]
[static.wixstatic.com/media/17bf13_e446f467af86438ab576315f8487309b_mv2.jpeg/v1/fill/w_138,h_92,fp_0.50_0.50,q_90/17bf13_e446f467af86438ab576315f8487309b_mv2.jpg]
[static.wixstatic.com/media/3a7434_2965d1e2466e44dda25504aa593c0280_mv2.jpg/v1/fill/w_188,h_250,al_c,q_30,blur_30/3a7434_2965d1e2466e44dda25504aa593c0280_mv2.jpg]
[static.wixstatic.com/media/3a7434_2965d1e2466e44dda25504aa593c0280_mv2.jpg/v1/fill/w_69,h_92,fp_0.50_0.50,q_90/3a7434_2965d1e2466e44dda25504aa593c0280_mv2.jpg]
[static.wixstatic.com/media/3a7434_cc1eba441ff4423f8fc26faccc8c9154_mv2.jpg/v1/fill/w_151,h_250,al_c,q_30,blur_30/3a7434_cc1eba441ff4423f8fc26faccc8c9154_mv2.jpg]
[static.wixstatic.com/media/3a7434_cc1eba441ff4423f8fc26faccc8c9154_mv2.jpg/v1/fill/w_56,h_92,fp_0.50_0.50,q_90/3a7434_cc1eba441ff4423f8fc26faccc8c9154_mv2.jpg]
[static.wixstatic.com/media/3a7434_029a6f04168045cf86e24597febef4dc_mv2.jpg/v1/fill/w_204,h_250,al_c,q_30,blur_30/3a7434_029a6f04168045cf86e24597febef4dc_mv2.jpg]
[static.wixstatic.com/media/3a7434_029a6f04168045cf86e24597febef4dc_mv2.jpg/v1/fill/w_75,h_92,fp_0.50_0.50,q_90/3a7434_029a6f04168045cf86e24597febef4dc_mv2.jpg]
[static.wixstatic.com/media/3a7434_9c2e13027bec4375adac4ff67d408bcf_mv2.jpg/v1/fill/w_374,h_250,al_c,q_30,blur_30/3a7434_9c2e13027bec4375adac4ff67d408bcf_mv2.jpg]
[static.wixstatic.com/media/3a7434_9c2e13027bec4375adac4ff67d408bcf_mv2.jpg/v1/fill/w_138,h_92,fp_0.50_0.50,q_90/3a7434_9c2e13027bec4375adac4ff67d408bcf_mv2.jpg]
[static.wixstatic.com/media/3a7434_b60e1c962b5f4a2c86cd21a06a7c3a11_mv2.jpg/v1/fill/w_374,h_250,al_c,q_30,blur_30/3a7434_b60e1c962b5f4a2c86cd21a06a7c3a11_mv2.jpg]
[static.wixstatic.com/media/3a7434_b60e1c962b5f4a2c86cd21a06a7c3a11_mv2.jpg/v1/fill/w_138,h_92,fp_0.50_0.50,q_90/3a7434_b60e1c962b5f4a2c86cd21a06a7c3a11_mv2.jpg]
[static.wixstatic.com/media/3a7434_572e732aaeec4a00aae85aa303270a5b_mv2.jpg/v1/fill/w_167,h_250,al_c,q_30,blur_30/3a7434_572e732aaeec4a00aae85aa303270a5b_mv2.jpg]
[static.wixstatic.com/media/3a7434_572e732aaeec4a00aae85aa303270a5b_mv2.jpg/v1/fill/w_62,h_92,fp_0.50_0.50,q_90/3a7434_572e732aaeec4a00aae85aa303270a5b_mv2.jpg]
[static.wixstatic.com/media/3a7434_68b60572b4d747e6b778a25f757e41f6_mv2.jpg/v1/fill/w_204,h_250,al_c,q_30,blur_30/3a7434_68b60572b4d747e6b778a25f757e41f6_mv2.jpg]
[static.wixstatic.com/media/3a7434_68b60572b4d747e6b778a25f757e41f6_mv2.jpg/v1/fill/w_75,h_92,fp_0.50_0.50,q_90/3a7434_68b60572b4d747e6b778a25f757e41f6_mv2.jpg]
[static.wixstatic.com/media/3a7434_9fdd8e4a24304c908ea9b995dfcccafc_mv2.jpg/v1/fill/w_341,h_250,al_c,q_30,blur_30/3a7434_9fdd8e4a24304c908ea9b995dfcccafc_mv2.jpg]
[static.wixstatic.com/media/3a7434_9fdd8e4a24304c908ea9b995dfcccafc_mv2.jpg/v1/fill/w_126,h_92,fp_0.50_0.50,q_90/3a7434_9fdd8e4a24304c908ea9b995dfcccafc_mv2.jpg]
[static.wixstatic.com/media/3a7434_92b7fe37361e41f8840cd0691220f7eb_mv2.jpg/v1/fill/w_253,h_250,al_c,q_30,blur_30/3a7434_92b7fe37361e41f8840cd0691220f7eb_mv2.jpg]
[static.wixstatic.com/media/3a7434_92b7fe37361e41f8840cd0691220f7eb_mv2.jpg/v1/fill/w_94,h_92,fp_0.50_0.50,q_90/3a7434_92b7fe37361e41f8840cd0691220f7eb_mv2.jpg]
[static.wixstatic.com/media/3a7434_7809baa4537045209f7077d30e699954_mv2.jpg/v1/fill/w_339,h_250,al_c,q_30,blur_30/3a7434_7809baa4537045209f7077d30e699954_mv2.jpg]
[static.wixstatic.com/media/3a7434_7809baa4537045209f7077d30e699954_mv2.jpg/v1/fill/w_132,h_97,fp_0.50_0.50,q_90/3a7434_7809baa4537045209f7077d30e699954_mv2.jpg]
[static.wixstatic.com/media/3a7434_9aef19e1ae474ad49bb17c5f5530c10a_mv2.jpg/v1/fill/w_167,h_250,al_c,q_30,blur_30/3a7434_9aef19e1ae474ad49bb17c5f5530c10a_mv2.jpg]
[static.wixstatic.com/media/3a7434_9aef19e1ae474ad49bb17c5f5530c10a_mv2.jpg/v1/fill/w_65,h_97,fp_0.50_0.50,q_90/3a7434_9aef19e1ae474ad49bb17c5f5530c10a_mv2.jpg]
[static.wixstatic.com/media/3a7434_7905b59d37ec4ace939cea86c0ea0dd5_mv2.jpg/v1/fill/w_200,h_250,al_c,q_30,blur_30/3a7434_7905b59d37ec4ace939cea86c0ea0dd5_mv2.jpg]
[static.wixstatic.com/media/3a7434_7905b59d37ec4ace939cea86c0ea0dd5_mv2.jpg/v1/fill/w_123,h_154,fp_0.50_0.50,q_90/3a7434_7905b59d37ec4ace939cea86c0ea0dd5_mv2.jpg]
[static.wixstatic.com/media/3a7434_1761c002d265420c9568278fcbc502e1_mv2.jpg/v1/fill/w_374,h_249,al_c,q_30,blur_30/3a7434_1761c002d265420c9568278fcbc502e1_mv2.jpg]
[static.wixstatic.com/media/3a7434_1761c002d265420c9568278fcbc502e1_mv2.jpg/v1/fill/w_230,h_154,fp_0.50_0.50,q_90/3a7434_1761c002d265420c9568278fcbc502e1_mv2.jpg]
[static.wixstatic.com/media/3a7434_fe74851fff22475e8da0bc22130f7b39_mv2.jpg/v1/fill/w_250,h_250,al_c,q_30,blur_30/3a7434_fe74851fff22475e8da0bc22130f7b39_mv2.jpg]
[static.wixstatic.com/media/3a7434_fe74851fff22475e8da0bc22130f7b39_mv2.jpg/v1/fill/w_154,h_154,fp_0.50_0.50,q_90/3a7434_fe74851fff22475e8da0bc22130f7b39_mv2.jpg]
[static.wixstatic.com/media/3a7434_a7b8edc7e80e415ca0e676dd61641d39_mv2.jpg/v1/fill/w_260,h_250,al_c,q_30,blur_30/3a7434_a7b8edc7e80e415ca0e676dd61641d39_mv2.jpg]
[static.wixstatic.com/media/3a7434_a7b8edc7e80e415ca0e676dd61641d39_mv2.jpg/v1/fill/w_160,h_154,fp_0.50_0.50,q_90/3a7434_a7b8edc7e80e415ca0e676dd61641d39_mv2.jpg]
[static.wixstatic.com/media/3a7434_be5bb6304603437bbbb083f6f4b69d3b_mv2.jpg/v1/fill/w_252,h_250,al_c,q_30,blur_30/3a7434_be5bb6304603437bbbb083f6f4b69d3b_mv2.jpg]
[static.wixstatic.com/media/3a7434_be5bb6304603437bbbb083f6f4b69d3b_mv2.jpg/v1/fill/w_155,h_154,fp_0.50_0.50,q_90/3a7434_be5bb6304603437bbbb083f6f4b69d3b_mv2.jpg]
[static.wixstatic.com/media/3a7434_37193e08e86d485aab9d06be73169c3e.jpg/v1/fill/w_249,h_249,al_c,q_30,blur_30/3a7434_37193e08e86d485aab9d06be73169c3e.jpg]
[static.wixstatic.com/media/3a7434_37193e08e86d485aab9d06be73169c3e.jpg/v1/fill/w_153,h_154,fp_0.50_0.50,q_90/3a7434_37193e08e86d485aab9d06be73169c3e.jpg]
[static.wixstatic.com/media/3a7434_e67602c16323489aa03965244a888330_mv2.png/v1/fill/w_115,h_250,al_c,blur_30/3a7434_e67602c16323489aa03965244a888330_mv2.png]
[static.wixstatic.com/media/3a7434_e67602c16323489aa03965244a888330_mv2.png/v1/fill/w_70,h_151,fp_0.50_0.50/3a7434_e67602c16323489aa03965244a888330_mv2.png]
[static.wixstatic.com/media/3a7434_d6cd6417b29249799a9796d0305274ba_mv2.jpg/v1/fill/w_254,h_250,al_c,q_30,blur_30/3a7434_d6cd6417b29249799a9796d0305274ba_mv2.jpg]
[static.wixstatic.com/media/3a7434_d6cd6417b29249799a9796d0305274ba_mv2.jpg/v1/fill/w_153,h_151,fp_0.50_0.50,q_90/3a7434_d6cd6417b29249799a9796d0305274ba_mv2.jpg]
[static.wixstatic.com/media/17bf13_9cef36cf4e6549699d9b719b3d52ae5a_mv2.jpg/v1/fill/w_285,h_250,al_c,q_30,blur_30/17bf13_9cef36cf4e6549699d9b719b3d52ae5a_mv2.jpg]
[static.wixstatic.com/media/17bf13_9cef36cf4e6549699d9b719b3d52ae5a_mv2.jpg/v1/fill/w_172,h_151,fp_0.50_0.50,q_90/17bf13_9cef36cf4e6549699d9b719b3d52ae5a_mv2.jpg]
[static.wixstatic.com/media/3a7434_b6ef15a603b546838b12803406ead7c1.jpg/v1/fill/w_1044,h_250,al_c,q_30,blur_30/3a7434_b6ef15a603b546838b12803406ead7c1.jpg]
[static.wixstatic.com/media/3a7434_b6ef15a603b546838b12803406ead7c1.jpg/v1/fill/w_822,h_197,fp_0.50_0.50,q_90/3a7434_b6ef15a603b546838b12803406ead7c1.jpg]
[static.wixstatic.com/media/3a7434_34f203e1beec4b01b0253f56abd92bda_mv2.jpg/v1/fill/w_199,h_250,al_c,q_30,blur_30/3a7434_34f203e1beec4b01b0253f56abd92bda_mv2.jpg]
[static.wixstatic.com/media/3a7434_34f203e1beec4b01b0253f56abd92bda_mv2.jpg/v1/fill/w_157,h_197,fp_0.50_0.50,q_90/3a7434_34f203e1beec4b01b0253f56abd92bda_mv2.jpg]
[static.wixstatic.com/media/3a7434_edfdb3ea8a484474ba85440fced5b127_mv2.jpg/v1/fill/w_333,h_250,al_c,q_30,blur_30/3a7434_edfdb3ea8a484474ba85440fced5b127_mv2.jpg]
[static.wixstatic.com/media/3a7434_edfdb3ea8a484474ba85440fced5b127_mv2.jpg/v1/fill/w_245,h_183,fp_0.50_0.50,q_90/3a7434_edfdb3ea8a484474ba85440fced5b127_mv2.jpg]
[static.wixstatic.com/media/3a7434_353ec896fb0046ab904c99f83b915caa_mv2.jpg/v1/fill/w_333,h_250,al_c,q_30,blur_30/3a7434_353ec896fb0046ab904c99f83b915caa_mv2.jpg]
[static.wixstatic.com/media/3a7434_353ec896fb0046ab904c99f83b915caa_mv2.jpg/v1/fill/w_244,h_183,fp_0.50_0.50,q_90/3a7434_353ec896fb0046ab904c99f83b915caa_mv2.jpg]
[static.wixstatic.com/media/3a7434_8cafe31031e14f11940f2e5ef12439da_mv2.jpg/v1/fill/w_333,h_250,al_c,q_30,blur_30/3a7434_8cafe31031e14f11940f2e5ef12439da_mv2.jpg]
[static.wixstatic.com/media/3a7434_8cafe31031e14f11940f2e5ef12439da_mv2.jpg/v1/fill/w_244,h_183,fp_0.50_0.50,q_90/3a7434_8cafe31031e14f11940f2e5ef12439da_mv2.jpg]
[static.wixstatic.com/media/3a7434_8fa677ade35f4a69ae995caf5ad29007_mv2.png/v1/fill/w_333,h_250,al_c,blur_30/3a7434_8fa677ade35f4a69ae995caf5ad29007_mv2.png]
[static.wixstatic.com/media/3a7434_8fa677ade35f4a69ae995caf5ad29007_mv2.png/v1/fill/w_244,h_183,fp_0.50_0.50/3a7434_8fa677ade35f4a69ae995caf5ad29007_mv2.png]
[static.wixstatic.com/media/3a7434_edf3e18357d14e78a16c53f4f1fefd63_mv2.jpg/v1/fill/w_333,h_250,al_c,q_30,blur_30/3a7434_edf3e18357d14e78a16c53f4f1fefd63_mv2.jpg]
[static.wixstatic.com/media/3a7434_edf3e18357d14e78a16c53f4f1fefd63_mv2.jpg/v1/fill/w_230,h_173,fp_0.50_0.50,q_90/3a7434_edf3e18357d14e78a16c53f4f1fefd63_mv2.jpg]
[static.wixstatic.com/media/3a7434_77c206556ab340c4bf370492d457a780_mv2.jpg/v1/fill/w_251,h_250,al_c,q_30,blur_30/3a7434_77c206556ab340c4bf370492d457a780_mv2.jpg]
[static.wixstatic.com/media/3a7434_77c206556ab340c4bf370492d457a780_mv2.jpg/v1/fill/w_174,h_173,fp_0.50_0.50,q_90/3a7434_77c206556ab340c4bf370492d457a780_mv2.jpg]
[static.wixstatic.com/media/3a7434_6b25f0cfc9ff4cefa878dfe79f784783.jpg/v1/fill/w_496,h_250,al_c,q_30,blur_30/3a7434_6b25f0cfc9ff4cefa878dfe79f784783.jpg]
[static.wixstatic.com/media/3a7434_6b25f0cfc9ff4cefa878dfe79f784783.jpg/v1/fill/w_343,h_173,fp_0.50_0.50,q_90/3a7434_6b25f0cfc9ff4cefa878dfe79f784783.jpg]
[static.wixstatic.com/media/b6fcf4_06078e8149a040d9b2ea581981dd0461_mv2.jpg/v1/fill/w_333,h_250,al_c,q_30,blur_30/b6fcf4_06078e8149a040d9b2ea581981dd0461_mv2.jpg]
[static.wixstatic.com/media/b6fcf4_06078e8149a040d9b2ea581981dd0461_mv2.jpg/v1/fill/w_230,h_173,fp_0.50_0.50,q_90/b6fcf4_06078e8149a040d9b2ea581981dd0461_mv2.jpg]
[www.repixs.com/post/repixs-10yr.html]
[static.wixstatic.com/media/3a7434_63a8323a94c6417eaf6b5fed07ed5799_mv2.jpg/v1/fill/w_147,h_71,al_c,q_80,usm_0.66_1.00_0.01,blur_2,enc_avif,quality_auto/3a7434_63a8323a94c6417eaf6b5fed07ed5799_mv2.jpg]
[static.wixstatic.com/media/3a7434_8c8833a4197a415eb1a8b74ef864c294_mv2.jpg/v1/fill/w_250,h_250,fp_0.50_0.50,q_30,blur_30/3a7434_8c8833a4197a415eb1a8b74ef864c294_mv2.jpg]
[static.wixstatic.com/media/3a7434_8c8833a4197a415eb1a8b74ef864c294_mv2.jpg/v1/fill/w_313,h_313,fp_0.50_0.50,q_90/3a7434_8c8833a4197a415eb1a8b74ef864c294_mv2.jpg]
[static.wixstatic.com/media/3a7434_2d715b0cb12c48cfad0c18294a241e62_mv2.jpg/v1/fill/w_251,h_250,fp_0.50_0.50,q_30,blur_30/3a7434_2d715b0cb12c48cfad0c18294a241e62_mv2.jpg]
[static.wixstatic.com/media/3a7434_2d715b0cb12c48cfad0c18294a241e62_mv2.jpg/v1/fill/w_314,h_313,fp_0.50_0.50,q_90/3a7434_2d715b0cb12c48cfad0c18294a241e62_mv2.jpg]
[static.wixstatic.com/media/3a7434_b03de3b0e4e34e029334ee576487ac65_mv2.jpg/v1/fill/w_250,h_250,fp_0.50_0.50,q_30,blur_30/3a7434_b03de3b0e4e34e029334ee576487ac65_mv2.jpg]
[static.wixstatic.com/media/3a7434_b03de3b0e4e34e029334ee576487ac65_mv2.jpg/v1/fill/w_313,h_313,fp_0.50_0.50,q_90/3a7434_b03de3b0e4e34e029334ee576487ac65_mv2.jpg]
[static.wixstatic.com/media/3a7434_dba79cf51d434eb0aaa55e5b0bace148_mv2.jpg/v1/fill/w_147,h_196,al_c,q_80,usm_0.66_1.00_0.01,blur_2,enc_avif,quality_auto/3a7434_dba79cf51d434eb0aaa55e5b0bace148_mv2.jpg]
[static.wixstatic.com/media/a27d24_d25029852fa44e2f954d0f94f6efca72_mv2.png/v1/fill/w_71,h_101,al_c,q_85,usm_0.66_1.00_0.01,blur_2,enc_avif,quality_auto/a27d24_d25029852fa44e2f954d0f94f6efca72_mv2.png]
[www.repixs.com/post/fields-of-tulips-for-all.html]
[static.wixstatic.com/media/3a7434_ac554edc63014a92b1eafa638b20a056_mv2.png/v1/fill/w_104,h_40,al_c,q_85,usm_0.66_1.00_0.01,enc_avif,quality_auto/Repixs_red_roof.png]
[static.wixstatic.com/media/3a7434_866e432700b445b68973f3da4141e7f8_mv2.png/v1/fill/w_134,h_55,al_c,q_85,usm_0.66_1.00_0.01,enc_avif,quality_auto/levis.png]
[static.wixstatic.com/media/3a7434_3457aa1d3c124bea9f4f3442ed5812c0_mv2.png/v1/fill/w_140,h_140,al_c,q_85,usm_0.66_1.00_0.01,enc_avif,quality_auto/starbucks.png]
[static.wixstatic.com/media/3a7434_8990708f0f2b4a66b333d4f183130680_mv2.png/v1/fill/w_121,h_55,al_c,q_85,usm_0.66_1.00_0.01,enc_avif,quality_auto/KW-Logo-White.png]
[static.wixstatic.com/media/3a7434_5ffa70f5ef70454b9980d7db18ef302e_mv2.png/v1/fill/w_128,h_69,al_c,q_85,usm_0.66_1.00_0.01,enc_avif,quality_auto/Nike.png]
[static.wixstatic.com/media/3a7434_69ab7e5cf2f643b88b7925aefbe31a31_mv2.png/v1/fill/w_159,h_42,al_c,q_85,usm_0.66_1.00_0.01,enc_avif,quality_auto/redfin-logo.png]
[static.wixstatic.com/media/3a7434_057a528db1ac44e79b726e9e7a435c92_mv2.png/v1/fill/w_156,h_55,al_c,q_85,usm_0.66_1.00_0.01,enc_avif,quality_auto/JLSLogoStackedWhite_rectangle.png]
[static.wixstatic.com/media/3a7434_269353165db14a39ad49fd4aa97d4de6_mv2.png/v1/fill/w_180,h_180,al_c,q_85,usm_0.66_1.00_0.01,enc_avif,quality_auto/Keen.png]
[static.wixstatic.com/media/3a7434_b56b63f8c0d943a2957ad6f921574087_mv2.png/v1/fill/w_168,h_98,al_c,q_85,usm_0.66_1.00_0.01,enc_avif,quality_auto/bhhs.png]
[static.wixstatic.com/media/3a7434_3988e6ea9afa46ada3a1478039221d6d_mv2.png/v1/fill/w_162,h_63,al_c,q_85,usm_0.66_1.00_0.01,enc_avif,quality_auto/Zillow.png]
[static.wixstatic.com/media/3a7434_9364ec7aa5794d90bb579955b84b010e_mv2.png/v1/fill/w_146,h_146,al_c,q_85,usm_0.66_1.00_0.01,enc_avif,quality_auto/re-max-1-logo-black-and-white.png]
[static.wixstatic.com/media/3a7434_50625de402b0467a8227c6a3f983dcb1_mv2.png/v1/fill/w_149,h_63,al_c,q_85,usm_0.66_1.00_0.01,enc_avif,quality_auto/chick-fil-a-blacktop-creative-png-logo-3.png]
[static.wixstatic.com/media/3a7434_93d0468d52b04ccc919dd76b6e8449c5_mv2.png/v1/fill/w_145,h_109,al_c,q_85,usm_0.66_1.00_0.01,enc_avif,quality_auto/airbnb-logo-white.png]
[static.wixstatic.com/media/3a7434_7ef25b23a1be462294786bb605fd96ba_mv2.png/v1/fill/w_192,h_212,al_c,q_85,usm_0.66_1.00_0.01,enc_avif,quality_auto/us-bank-logo-black-and-white.png]
[static.wixstatic.com/media/3a7434_2e0ba0324fe445c6add4f228bd7fea44_mv2.png/v1/crop/x_0,y_11,w_1239,h_240/fill/w_229,h_44,al_c,q_85,usm_0.66_1.00_0.01,enc_avif,quality_auto/Pandora white.png]
[static.wixstatic.com/media/3a7434_8a2d3bab645640f080f7776f921675f2_mv2.png/v1/fill/w_174,h_63,al_c,q_85,usm_0.66_1.00_0.01,enc_avif,quality_auto/3a7434_8a2d3bab645640f080f7776f921675f2_mv2.png]
[static.wixstatic.com/media/3a7434_c1a578cddbad4d90888ba5eb5e1e6f99_mv2.jpg/v1/fill/w_253,h_69,al_c,q_80,usm_0.66_1.00_0.01,enc_avif,quality_auto/sunglass hut_edited.jpg]
[static.wixstatic.com/media/3a7434_ac554edc63014a92b1eafa638b20a056_mv2.png/v1/fill/w_600,h_243,al_c,q_85,usm_0.66_1.00_0.01,enc_avif,quality_auto/Repixs_red_roof.png]
[static.wixstatic.com/media/3a7434_88aa4103f1884a4b92bb738fc4d7a708_mv2.jpg/v1/fill/w_123,h_82,al_c,q_80,usm_0.66_1.00_0.01,blur_2,enc_avif,quality_auto/3a7434_88aa4103f1884a4b92bb738fc4d7a708_mv2.jpg]
[static.wixstatic.com/media/3a7434_c4e8bae7193b4f9583cdb58214bc030e_mv2.png/v1/fill/w_83,h_70,al_c,q_85,usm_0.66_1.00_0.01,enc_avif,quality_auto/Matt C.png]
[static.wixstatic.com/media/3a7434_2d0887399a2249adac4ae1e1e65b4a64_mv2.png/v1/fill/w_79,h_68,al_c,q_85,usm_0.66_1.00_0.01,enc_avif,quality_auto/Clark Collective.png]
[static.wixstatic.com/media/3a7434_fbee4fc56fae4a54a9b6863fcd4cefd9_mv2.png/v1/fill/w_79,h_68,al_c,q_85,usm_0.66_1.00_0.01,enc_avif,quality_auto/WhitneyM.png]
[static.wixstatic.com/media/3a7434_bb8f749ec7c24ee791e89556059b7491_mv2.png/v1/fill/w_79,h_68,al_c,q_85,usm_0.66_1.00_0.01,enc_avif,quality_auto/JoanR.png]
[static.wixstatic.com/media/3a7434_34b5c4e8c34b4b90b1edaffaa6a2bcbc_mv2.jpg/v1/fill/w_123,h_82,al_c,q_80,usm_0.66_1.00_0.01,blur_2,enc_avif,quality_auto/3a7434_34b5c4e8c34b4b90b1edaffaa6a2bcbc_mv2.jpg]
[static.wixstatic.com/media/3a7434_d98c73d5d2a846bd958228f35c68f486_mv2.jpg/v1/fill/w_123,h_82,al_c,q_80,usm_0.66_1.00_0.01,blur_2,enc_avif,quality_auto/3a7434_d98c73d5d2a846bd958228f35c68f486_mv2.jpg]
[static.wixstatic.com/media/3a7434_0fb1137f85f74237977b333a37c88536_mv2.png/v1/fill/w_123,h_69,al_c,q_85,usm_0.66_1.00_0.01,blur_2,enc_avif,quality_auto/3a7434_0fb1137f85f74237977b333a37c88536_mv2.png]
[static.wixstatic.com/media/3a7434_c039fe6ac1ac4d6c9df16b39774a0c97_mv2.jpg/v1/fill/w_147,h_98,al_c,q_80,usm_0.66_1.00_0.01,blur_2,enc_avif,quality_auto/3a7434_c039fe6ac1ac4d6c9df16b39774a0c97_mv2.jpg]
[www.repixs.com/home-1.html]
[www.repixs.com/REPIXS_2020-171.html]
[www.repixs.com/REPIXS_2020-96.html]
[www.repixs.com/REPIXS_2020-103.html]
[www.repixs.com/REPIXS_2020-118.html]
[www.repixs.com/REPIXS_Q4_2021-31.html]
[www.repixs.com/REPIXS2020-31.html]
[www.repixs.com/REPIXS2020-107.html]
[www.repixs.com/REPIXS_Q4_2021-69.html]
[www.repixs.com/REPIXS_2020-119.html]
[www.repixs.com/REPIXS2020-37.html]
[www.repixs.com/REPIXS_Q4_2021-3.html]
[www.repixs.com/REPIXS_2020-117.html]
[www.repixs.com/REPIXS_2020-99.html]
[www.repixs.com/REPIXS2020-71.html]
[www.repixs.com/REPIXS_2020-56.html]
[www.repixs.com/REPIXS_2020-4.html]
[www.repixs.com/REPIXS2020-14.html]
[www.repixs.com/REPIXS_Q4_2021-9.html]
[www.repixs.com/REPIXS_Q4_2021-1.html]
[www.repixs.com/REPIXS2020-23.html]
[www.repixs.com/REPIXS2020-26.html]
[www.repixs.com/REPIXS_2020-152.html]
[www.repixs.com/REPIXS2020-39.html]
[www.repixs.com/REPIXS_2020-153.html]
[www.repixs.com/REPIXS2020-110.html]
[static.wixstatic.com/media/3a7434_ac61155eae9345fa863a3aa696a9f7c6_mv2.jpg/v1/fill/w_147,h_55,al_c,q_80,usm_0.66_1.00_0.01,blur_2,enc_avif,quality_auto/3a7434_ac61155eae9345fa863a3aa696a9f7c6_mv2.jpg]
[static.wixstatic.com/media/3a7434_aa3646ecae7748aa848114c5e13b4635_mv2.jpg/v1/fill/w_147,h_19,al_c,q_80,usm_0.66_1.00_0.01,blur_2,enc_avif,quality_auto/3a7434_aa3646ecae7748aa848114c5e13b4635_mv2.jpg]
[www.repixs.com/or-wa-pricing.html]
[www.repixs.com/blog/categories/tips-and-tricks/page/4.html]
[www.repixs.com/blog/tags/planning.html]
[www.repixs.com/blog/tags/intentional-living.html]
[www.repixs.com/blog/tags/instagram.html]
[www.repixs.com/profile/ad00939b-8268-42c8-a333-7c23fb395123/robots.txt]
[www.repixs.com/blog/hashtags/realestate.html]
[www.repixs.com/blog/hashtags/realtor.html]
[www.repixs.com/blog/hashtags/realestateagent.html]
[www.repixs.com/unnamed.html]
[www.repixs.com/image_6483441.html]
[www.repixs.com/blog/hashtags/C,location.html]
[www.repixs.com/blog/hashtags/t.html]
[www.repixs.com/blog/hashtags/o.html]
[www.repixs.com/blog/hashtags/${s.html]
[www.repixs.com/blog/hashtags/window.location.html]
[www.repixs.com/blog/hashtags/robots.html]
[www.repixs.com/blog/hashtags/sitemap.html]
[www.repixs.com/blog/hashtags/feed.html]
[www.repixs.com/blog/hashtags/e.html]
